Brand,Model,image
Aroma,NB119B Badshah - 40 Hours Playtime Bluetooth Neck...,https://via.placeholder.com/200
TECHFIRE,Fire 500v2 Neckband hi-bass Wireless Bluetooth...,https://via.placeholder.com/200
Aroma,NB119 Titanium - 48 Hours Playtime Bluetooth Neck...,https://via.placeholder.com/200
Boult,"Audio Z40 with Zen ENC Mic, 60H Battery Life, Low...",https://via.placeholder.com/200
Aroma,NB119Pro Belief 48 Hours Playing Time Fast Chargi...,https://via.placeholder.com/200
Aroma,NB119 Titanium - 48 Hours Playtime Bluetooth Neck...,https://via.placeholder.com/200
OnePlus,"Bullets Wireless Z2 with Fast Charge, 30 Hrs Ba...",https://via.placeholder.com/200
Boult,"Audio ProBass EQCharge with ZEN Mode ENC, 32hrs P...",https://via.placeholder.com/200
boAt,Rockerz 255 Pro+ /258 Pro+ with ASAP Charge and up...,https://via.placeholder.com/200
MASOORI,M19 / M10 / T2 TWS Bluetooth 5.0 Wireless Touch...,https://via.placeholder.com/200
Dozokil,High M10 Pro TWS Bluetooth Earbuds Wireless Ear...,https://via.placeholder.com/200
Boult,"Audio AirBass Y1 TWS Earbuds, 40H Playtime, Fast ...",https://via.placeholder.com/200
boAt,Airdopes 131 with upto 60 Hours and ASAP Charge Bl...,https://via.placeholder.com/200
boAt,"Airdopes 131 PRO with 11mm Drivers,45Hrs Playback,...",https://via.placeholder.com/200
Noise,"Buds VS102 with 50 Hrs Playtime, 11mm Driver, IPX...",https://via.placeholder.com/200
Boult,"Audio Z40 with Zen ENC Mic, 60H Battery Life, Low...",https://via.placeholder.com/200
Noise,"Buds VS404 with 50 Hours Playtime, ENC with Quad ...",https://via.placeholder.com/200
Portronics,SoundDrum 1 10 W Bluetooth Speaker,https://via.placeholder.com/200
Aroma,NB119Pro Belief 48 Hours Playing Time Fast Chargi...,https://via.placeholder.com/200
Boult,"Audio Truebuds with 30H Battery, IPX7 Waterproof,...",https://via.placeholder.com/200
Aroma,NB119D Dream 60 Hours Playing Time Fast Charging ...,https://via.placeholder.com/200
Lichen,B11 Neckband Bluetooth Headset Earphone Sports R...,https://via.placeholder.com/200
ORAIMO,Shark 3 Deep Bass Neckband Bluetooth Headset,https://via.placeholder.com/200
Boult,"Audio Truebuds with 30H Battery, IPX7 Waterproof,...",https://via.placeholder.com/200
Aroma,NB119B Badshah 60 Hours Playing Time Fast Chargin...,https://via.placeholder.com/200
realme,Buds Wireless 2 Neo with Type-C Fast Charge & Ba...,https://via.placeholder.com/200
realme,Buds Wireless 2 Neo with Type-C Fast Charge & Ba...,https://via.placeholder.com/200
PTron,"Bassbuds Joy TWS with 13mm Drivers, Stereo Calls,...",https://via.placeholder.com/200
Fire-Boltt,Fire Pods Ninja G201 Earbuds TWS IWP HD Call...,https://via.placeholder.com/200
boAt,"Airdopes 161 with ASAP Charge, 10mm Drivers and 17...",https://via.placeholder.com/200
OPPO,Enco Buds 2 with 28 hours Battery life & Deep Nois...,https://via.placeholder.com/200
Boult,"Audio Maverick with Quad Mic ENC, 45ms Low Latenc...",https://via.placeholder.com/200
Chitransh,i12 Bluetooth Headset,https://via.placeholder.com/200
Seashot,M19 Earbuds/TWS/buds 5.1 Earbuds with 280H Play...,https://via.placeholder.com/200
divinestar,MUisc dj Advance Design New Arrival TG-162 P...,https://via.placeholder.com/200
Boult,"Audio X50 with 40Hr Battery, Quad Mic ENC, 45ms U...",https://via.placeholder.com/200
TECHFIRE,Fire 500v2 Neckband hi-bass Wireless Bluetooth...,https://via.placeholder.com/200
boAt,Rockerz 235 Pro with upto 20 Hours Playback & ASAP...,https://via.placeholder.com/200
U&i,Trendy 24Hrs Battery Backup Bluetooth Neckband with...,https://via.placeholder.com/200
Aroma,NB140 Captain 24 Hours* Playtime | Deep Bass | Ma...,https://via.placeholder.com/200
Aroma,NB140 Evolve 24 Hours* Playtime | Deep Bass | Mad...,https://via.placeholder.com/200
Aroma,NB119B Badshah - 40 Hours Playtime Bluetooth Neck...,https://via.placeholder.com/200
Aroma,NB119 Titanium - 48 Hours Playtime Bluetooth Neck...,https://via.placeholder.com/200
TECHFIRE,Fire 500v2 Neckband hi-bass Wireless Bluetooth...,https://via.placeholder.com/200
Aroma,NB119Pro Belief 48 Hours Playing Time Fast Chargi...,https://via.placeholder.com/200
Aroma,NB119 Titanium - 48 Hours Playtime Bluetooth Neck...,https://via.placeholder.com/200
Boult,"Audio Z40 with Zen ENC Mic, 60H Battery Life, Low...",https://via.placeholder.com/200
OnePlus,"Bullets Wireless Z2 with Fast Charge, 30 Hrs Ba...",https://via.placeholder.com/200
boAt,Rockerz 255 Pro+ /258 Pro+ with ASAP Charge and up...,https://via.placeholder.com/200
MASOORI,M19 / M10 / T2 TWS Bluetooth 5.0 Wireless Touch...,https://via.placeholder.com/200
Boult,"Audio AirBass Y1 TWS Earbuds, 40H Playtime, Fast ...",https://via.placeholder.com/200
Dozokil,High M10 Pro TWS Bluetooth Earbuds Wireless Ear...,https://via.placeholder.com/200
boAt,Airdopes 131 with upto 60 Hours and ASAP Charge Bl...,https://via.placeholder.com/200
boAt,"Airdopes 131 PRO with 11mm Drivers,45Hrs Playback,...",https://via.placeholder.com/200
Boult,"Audio Z40 with Zen ENC Mic, 60H Battery Life, Low...",https://via.placeholder.com/200
Noise,"Buds VS102 with 50 Hrs Playtime, 11mm Driver, IPX...",https://via.placeholder.com/200
Noise,"Buds VS404 with 50 Hours Playtime, ENC with Quad ...",https://via.placeholder.com/200
Portronics,SoundDrum 1 10 W Bluetooth Speaker,https://via.placeholder.com/200
Boult,"Audio Truebuds with 30H Battery, IPX7 Waterproof,...",https://via.placeholder.com/200
Aroma,NB119Pro Belief 48 Hours Playing Time Fast Chargi...,https://via.placeholder.com/200
Aroma,NB119D Dream 60 Hours Playing Time Fast Charging ...,https://via.placeholder.com/200
Lichen,B11 Neckband Bluetooth Headset Earphone Sports R...,https://via.placeholder.com/200
boAt,"Airdopes 161 with ASAP Charge, 10mm Drivers and 17...",https://via.placeholder.com/200
ORAIMO,Shark 3 Deep Bass Neckband Bluetooth Headset,https://via.placeholder.com/200
Aroma,NB119B Badshah 60 Hours Playing Time Fast Chargin...,https://via.placeholder.com/200
realme,Buds Wireless 2 Neo with Type-C Fast Charge & Ba...,https://via.placeholder.com/200
TECHFIRE,Fire 500v2 Neckband hi-bass Wireless headphone...,https://via.placeholder.com/200
realme,Buds Wireless 2 Neo with Type-C Fast Charge & Ba...,https://via.placeholder.com/200
Fire-Boltt,Fire Pods Ninja G201 Earbuds TWS IWP HD Call...,https://via.placeholder.com/200
OPPO,Enco Buds 2 with 28 hours Battery life & Deep Nois...,https://via.placeholder.com/200
PTron,"Bassbuds Joy TWS with 13mm Drivers, Stereo Calls,...",https://via.placeholder.com/200
Chitransh,i12 Bluetooth Headset,https://via.placeholder.com/200
Seashot,M19 Earbuds/TWS/buds 5.1 Earbuds with 280H Play...,https://via.placeholder.com/200
divinestar,MUisc dj Advance Design New Arrival TG-162 P...,https://via.placeholder.com/200
Aroma,NB140 Evolve 24 Hours* Playtime | Deep Bass | Mad...,https://via.placeholder.com/200
TECHFIRE,Fire 500v2 Neckband hi-bass Wireless Bluetooth...,https://via.placeholder.com/200
boAt,Rockerz 235 Pro with upto 20 Hours Playback & ASAP...,https://via.placeholder.com/200
U&i,Trendy 24Hrs Battery Backup Bluetooth Neckband with...,https://via.placeholder.com/200
Aloof,F9 Bluetooth Headset,https://via.placeholder.com/200
divinestar,MUSIC DJ Advance Design TG-162 Party Light W...,https://via.placeholder.com/200
OnePlus,Bullets Wireless Z2 Bluetooth Headset,https://via.placeholder.com/200
Boult,"Audio Z40 with Zen ENC Mic, 60H Battery Life, Low...",https://via.placeholder.com/200
Aroma,NB119D Dream 60 Hours Playing Time Fast Charging ...,https://via.placeholder.com/200
KRAZZY,INDIA R3 Bluetooth Headset,https://via.placeholder.com/200
Aroma,NB119B Badshah 60 Hours Playing Time Fast Chargin...,https://via.placeholder.com/200
Boult,"Audio ProBass EQCharge with ZEN Mode ENC, 32hrs P...",https://via.placeholder.com/200
Aroma,NB119B Badshah 60 Hours Playing Time Fast Chargin...,https://via.placeholder.com/200
TECHFIRE,Fire 500v2 Neckband hi-bass Wireless headphone...,https://via.placeholder.com/200
TECHFIRE,Platinum Series Neckband - Low Price Bluetooth...,https://via.placeholder.com/200
Boult,"Audio AirBass Y1 TWS Earbuds, 40H Playtime, Fast ...",https://via.placeholder.com/200
Mivi,"DuoPods K5 TWS Earbuds Metallic Finish, HD calling...",https://via.placeholder.com/200
Earboss,"AIRYPOD TWS EARBUDS, Bass+ 20 H Playtime & Fast...",https://via.placeholder.com/200
PTron,"Bassbuds Joy TWS with 13mm Drivers, Stereo Calls,...",https://via.placeholder.com/200
Aroma,NB140 Captain 24 Hours* Playtime | Deep Bass | Ma...,https://via.placeholder.com/200
GREE,MATT Tws Wireless Bluetooth Headset With Power Ban...,https://via.placeholder.com/200
PTron,"Bassbuds Joy TWS with 13mm Drivers, Stereo Calls,...",https://via.placeholder.com/200
divinestar,Advance Design TG-162 Party Light With High ...,https://via.placeholder.com/200
Boult,"Audio Truebuds with 30H Battery, IPX7 Waterproof,...",https://via.placeholder.com/200
boAt,Rockerz 255 Pro+ /258 Pro+ with ASAP Charge and up...,https://via.placeholder.com/200
U&i,ProPlus 50 Hrs Battery Backup Bluetooth Neckband wi...,https://via.placeholder.com/200
OnePlus,Bullets Wireless Z2 Bluetooth Headset,https://via.placeholder.com/200
Boult,"Audio Z40 with Zen ENC Mic, 60H Battery Life, Low...",https://via.placeholder.com/200
boAt,Rockerz 333 Upto 30 Hours Battery Bluetooth Headse...,https://via.placeholder.com/200
U&i,Trendy 24Hrs Battery Backup Bluetooth Neckband with...,https://via.placeholder.com/200
Aroma,NB119B Badshah 60 Hours Playing Time Fast Chargin...,https://via.placeholder.com/200
Aroma,NB140 Evolve 24 Hours* Playtime | Deep Bass | Mad...,https://via.placeholder.com/200
boAt,"Airdopes 161 with ASAP Charge, 10mm Drivers and 17...",https://via.placeholder.com/200
Fome,M10 TWS Bluetooth Earbuds Wireless Earbuds Bluetoo...,https://via.placeholder.com/200
OnePlus,Nord Buds 2 True Wireless Earbuds with 25dB Act...,https://via.placeholder.com/200
Boult,"Audio Truebuds with 30H Battery, IPX7 Waterproof,...",https://via.placeholder.com/200
Aroma,NB140 Dhamaal 24 Hours* Playtime | Deep Bass | Ma...,https://via.placeholder.com/200
Fushion,"Earbud White, With (Wireless Charging Case) Blu...",https://via.placeholder.com/200
Boult,"Audio Gearpods with 32H Playtime, Fast Charging, ...",https://via.placeholder.com/200
boAt,"Airdopes 161 with ASAP Charge, 10mm Drivers and 17...",https://via.placeholder.com/200
SFZ,Mini Bluetooth Speaker Wireless Handsfree Car Bicyc...,https://via.placeholder.com/200
TECHFIRE,Platinum Series Neckband - Low Price Bluetooth...,https://via.placeholder.com/200
myxes,New Edition TWS M19 Gaming Earbuds Bluetooth 5.0 ...,https://via.placeholder.com/200
truke,"BTG Alpha Earbuds with Game Mode, 38H Playtime, 7...",https://via.placeholder.com/200
GAGANDEEP,TWS i12 Bluetooth Wireless Earphone Touch Sen...,https://via.placeholder.com/200
Aroma,NB140 Captain 24 Hours* Playtime | Deep Bass | Ma...,https://via.placeholder.com/200
Aroma,NB119 Advance 48 Hours Playing Time Fast Charging...,https://via.placeholder.com/200
Aroma,NB120 Tehalka 40 Hours Playing Time Dual Pairing ...,https://via.placeholder.com/200
boAt,"Rockerz 255 Max with 60 Hours Playback, EQ Modes &...",https://via.placeholder.com/200
Aroma,NB140 Evolve 24 Hours* Playtime | Deep Bass | Mad...,https://via.placeholder.com/200
TECHFIRE,Fire 500v2 Neckband hi-bass Wireless Bluetooth...,https://via.placeholder.com/200
Boult,"Audio YCharge with Pro+ Calling Mic, Full Charge ...",https://via.placeholder.com/200
Ucool,80 Hours Playtime Wireless Neckband headphones Ea...,https://via.placeholder.com/200
Mivi,"DuoPods K5 TWS Earbuds Metallic Finish, HD calling...",https://via.placeholder.com/200
Nexbird,B11 Neckband Truly Wireless Bluetooth 5.0 Headp...,https://via.placeholder.com/200
JVMART,B235 BT SUPER SOUND NECKBAND Bluetooth Headset,https://via.placeholder.com/200
Boult,"Audio XPods with Mega 13mm Drivers, 20H Battery, ...",https://via.placeholder.com/200
boAt,"Airdopes 161 with ASAP Charge, 10mm Drivers and 17...",https://via.placeholder.com/200
Aroma,NB140 Captain 24 Hours* Playtime | Deep Bass | Ma...,https://via.placeholder.com/200
Boult,"Audio Z40 with Zen ENC Mic, 60H Battery Life, Low...",https://via.placeholder.com/200
NS,"WORLD Maverix TWS Earbuds, 20H Playtime,IPX5,Bluetoo...",https://via.placeholder.com/200
TECHFIRE,Fire 500v2 Neckband hi-bass Wireless headphone...,https://via.placeholder.com/200
Portronics,Harmonics Z5 Wireless Stereo Neckband Blueto...,https://via.placeholder.com/200
Aroma,NB119 Diamond - 50 Hours Playtime Bluetooth Neckb...,https://via.placeholder.com/200
U&i,ProPlus 50 Hrs Battery Backup Bluetooth Neckband wi...,https://via.placeholder.com/200
Aroma,NB140 Evolve 24 Hours* Playtime | Deep Bass | Mad...,https://via.placeholder.com/200
boAt,Rockerz 235 Pro with upto 20 Hours Playback & ASAP...,https://via.placeholder.com/200
boAt,Rockerz 255 Arc with ENx Technology and upto 30 Ho...,https://via.placeholder.com/200
Boult,"Audio ProBass EQCharge with ZEN Mode ENC, 32hrs P...",https://via.placeholder.com/200
PTron,"Bassbuds Joy TWS with 13mm Drivers, Stereo Calls,...",https://via.placeholder.com/200
FPX,Buzz 35 Hours Playtime with Deep bass Neckband Head...,https://via.placeholder.com/200
GENTLEMOB,Latest Earbuds/Tws/Xpods M10 Buds True wirele...,https://via.placeholder.com/200
Fome,M10 Earbuds/TWS/buds 5.1 Earbuds with 280H Playtim...,https://via.placeholder.com/200
TECHFIRE,Fire-T10 -48 Hours Playing Time Fast Charging ...,https://via.placeholder.com/200
flying,india Premium TWS L21 True HIFI Bluetooth Earbud...,https://via.placeholder.com/200
boAt,Airdopes 131 with upto 60 Hours and ASAP Charge Bl...,https://via.placeholder.com/200
Boult,"Audio XPods with Mega 13mm Drivers, 20H Battery, ...",https://via.placeholder.com/200
TECHFIRE,Fire 500v2 Neckband hi-bass Wireless Bluetooth...,https://via.placeholder.com/200
Mivi,DuoPods M30 earbuds with 42 hours of playtime | Ma...,https://via.placeholder.com/200
Boult,"Audio YCharge with Pro+ Calling Mic, Full Charge ...",https://via.placeholder.com/200
Aroma,NB119 Jersey - 48 Hours Playtime Fast Charging Wi...,https://via.placeholder.com/200
boAt,"Airdopes 131 PRO with 11mm Drivers,45Hrs Playback,...",https://via.placeholder.com/200
HOPPUP,"AirDoze M30 with BT 5.3, 30H Playtime, Dual Mic ...",https://via.placeholder.com/200
Mivi,DuoPods M30 earbuds with 42 hours of playtime | Ma...,https://via.placeholder.com/200
Aroma,NB140 Captain 24 Hours* Playtime | Deep Bass | Ma...,https://via.placeholder.com/200
boAt,Rockerz 333 Upto 30 Hours Battery Bluetooth Headse...,https://via.placeholder.com/200
realme,Buds Wireless 2S with Dual Device Switching & Ty...,https://via.placeholder.com/200
Mivi,Collar Classic Neckband with Fast Charging Bluetoo...,https://via.placeholder.com/200
Aroma,NB140 Evolve 24 Hours* Playtime | Deep Bass | Mad...,https://via.placeholder.com/200
Boult,"Audio ProBass Fcharge with 40 hrs Playtime, ENC, ...",https://via.placeholder.com/200
Mivi,Collar Classic Neckband with Fast Charging Bluetoo...,https://via.placeholder.com/200
NOYMI,Wireless Waterproof Bluetooth Neckband earphone w...,https://via.placeholder.com/200
Boult,"Audio ProBass EQCharge with ZEN Mode ENC, 32hrs P...",https://via.placeholder.com/200
GREE,"MATT Bluetooth Headst Neckband B11 (Red, In The Ea...",https://via.placeholder.com/200
truke,"Buds S2 Lite with 48H Playtime, ENC, Made in Indi...",https://via.placeholder.com/200
truke,"BTG1 Earbuds with Game Mode, 48H Playtime, Quad M...",https://via.placeholder.com/200
Boult,"Audio Z40 with Zen ENC Mic, 60H Battery Life, Low...",https://via.placeholder.com/200
FRISTDOWN,I12 TWS Wireless Earbuds Bluetooth 5.0 Earpho...,https://via.placeholder.com/200
SHOPLINE,twins Ti7s bluetooth headphone wireless Blueto...,https://via.placeholder.com/200
TXOR,"SENSO V 1.0 TWS EARBUDS, Bass+ 20 H Playtime & Fas...",https://via.placeholder.com/200
Boult,"Audio AirBass Y1 TWS Earbuds, 40H Playtime, Fast ...",https://via.placeholder.com/200
Fire-Boltt,"Fire Pods Ninja Pro 403 Earbuds TWS, ENC & G...",https://via.placeholder.com/200
Boult,"Audio XCharge with ENC Mic, 28H Playtime, Ultra-F...",https://via.placeholder.com/200
Boult,"Audio Curve with BoomX Rich Bass, Flexi-band, Mag...",https://via.placeholder.com/200
Mivi,"DuoPods K5 TWS Earbuds Metallic Finish, HD calling...",https://via.placeholder.com/200
SHOPLINE,B11 Truly Wireless Bluetooth On Ear Neckband E...,https://via.placeholder.com/200
Boult,"Audio ProBass Fcharge with 40 hrs Playtime, ENC, ...",https://via.placeholder.com/200
Aroma,NB119 Genius - 60 Hours Playtime Fast Charging Wi...,https://via.placeholder.com/200
Boult,"Audio Z40 with Zen ENC Mic, 60H Battery Life, Low...",https://via.placeholder.com/200
Aroma,NB119 King 100 Hours Playting Time Fast Charging ...,https://via.placeholder.com/200
Ggkart,BM K1 BLACK Bluetooth Headset Pack of 2 Bluetoot...,https://via.placeholder.com/200
Aroma,NB137 Nexon 16 Hours* Playtime Deep Bass True Wir...,https://via.placeholder.com/200
Boult,"Audio Truebuds with 30H Battery, IPX7 Waterproof,...",https://via.placeholder.com/200
truke,"Air Buds Lite with Quad Mic ENC, 10mm Driver, Ear...",https://via.placeholder.com/200
Met,style True Wireless Earbuds Mini Bluetooth (Dual L/...,https://via.placeholder.com/200
SAIANSH,ENTERPRISES M10 TWS Bluetooth Earbuds Wireless ...,https://via.placeholder.com/200
boAt,"Airdopes 161 with ASAP Charge, 10mm Drivers and 17...",https://via.placeholder.com/200
Earboss,F9-5 Earbuds/TWs/buds 5.1 Earbuds with 280H Pla...,https://via.placeholder.com/200
Aroma,NB140 Evolve 24 Hours* Playtime | Deep Bass | Mad...,https://via.placeholder.com/200
Aroma,NB119C Carter 48 Hours Playing Time Fast Charging...,https://via.placeholder.com/200
boAt,"Immortal 131 with Beast Mode, 40 Hours Playback an...",https://via.placeholder.com/200
Boult,"Audio X50 with 40Hr Battery, Quad Mic ENC, 45ms U...",https://via.placeholder.com/200
U&i,Trendy 24Hrs Battery Backup Bluetooth Neckband with...,https://via.placeholder.com/200
Aroma,NB140 Captain 24 Hours* Playtime | Deep Bass | Ma...,https://via.placeholder.com/200
Boult,"Audio XCharge with ENC Mic, 28H Playtime, Ultra-F...",https://via.placeholder.com/200
IZWI,New 2023 BLAST BASS 233 +Pro Neckband Wireless Wit...,https://via.placeholder.com/200
NOYMI,Waterproof Bluetooth wireless neckband earphone w...,https://via.placeholder.com/200
Boult,"Audio ProBass EQCharge with ZEN Mode ENC, 32hrs P...",https://via.placeholder.com/200
PRANSHU,SHOPPE Magnetic Earphone Stereo Headphone Heads...,https://via.placeholder.com/200
truke,"Yoga Mystic lite Earbuds with Game Mode, 40ms Lat...",https://via.placeholder.com/200
Mivi,"Collar D25 Earphones with fast charge, 24Hours pla...",https://via.placeholder.com/200
Aroma,NB140 Evolve 24 Hours* Playtime | Deep Bass | Mad...,https://via.placeholder.com/200
Mivi,"DuoPods K5 TWS Earbuds Metallic Finish, HD calling...",https://via.placeholder.com/200
OnePlus,Nord Buds 2 True Wireless Earbuds with 25dB Act...,https://via.placeholder.com/200
boAt,"Airdopes 192 with Beast Mode(40ms), 30 Hours Playb...",https://via.placeholder.com/200
Boult,"Audio Z40 with Zen ENC Mic, 60H Battery Life, Low...",https://via.placeholder.com/200
Highnotes,F9-5 Earbuds/TWs/buds 5.0 Earbuds with 280H P...,https://via.placeholder.com/200
LONGWINGS,Deep Bass Bluetooth 5.2 Light Weight with Wir...,https://via.placeholder.com/200
FUR,JADEN AirJams GenZ TWS Earbuds 24 Hour Battery HD M...,https://via.placeholder.com/200
Mivi,"DuoPods K5 TWS Earbuds Metallic Finish, HD calling...",https://via.placeholder.com/200
OPPO,Enco M32 / EWN20 Bluetooth Headset,https://via.placeholder.com/200
OPPO,Enco M32 / EWN20 Bluetooth Headset,https://via.placeholder.com/200
Aroma,NB120 Tehalka 40 Hours Playing Time Dual Pairing ...,https://via.placeholder.com/200
Boult,"Audio AirBass Y1 TWS Earbuds, 40H Playtime, Fast ...",https://via.placeholder.com/200
SONY,WI-XB400 Extra Bass Wireless Stereo Headset Blueto...,https://via.placeholder.com/200
TECHFIRE,FIRE 300 Platinum Series Neckband - Low Price ...,https://via.placeholder.com/200
Boltune,BT-335 Neckband hi-bass Wireless Bluetooth head...,https://via.placeholder.com/200
boAt,"Airdopes 161 with ASAP Charge, 10mm Drivers and 17...",https://via.placeholder.com/200
TECHFIRE,T20 60 Hours Playing Time Fast Charging Blueto...,https://via.placeholder.com/200
FUR,JADEN AirJams GameX Bluetooth 5.2 Gaming Headphone ...,https://via.placeholder.com/200
DigiClues,Earbud F9 Earbuds/TWs/buds 5.1 Earbuds with 3...,https://via.placeholder.com/200
Boult,"Audio Z40 with Zen ENC Mic, 60H Battery Life, Low...",https://via.placeholder.com/200
OPPO,Enco Buds 2 with 28 Hours Playback and AI Deep Noi...,https://via.placeholder.com/200
RFV1,TWS Bluetooth Earphones Touch Sensor with in Built...,https://via.placeholder.com/200
Boult,"Audio Truebuds with 30H Battery, IPX7 Waterproof,...",https://via.placeholder.com/200
Boult,"Audio Truebuds with 30H Battery, IPX7 Waterproof,...",https://via.placeholder.com/200
PTron,"Bassbuds Joy TWS with 13mm Drivers, Stereo Calls,...",https://via.placeholder.com/200
boAt,Rockerz 255F Pro with ASAP Charge and upto 10 Hour...,https://via.placeholder.com/200
Aroma,NB128 Happy 24 Hours Playing Time | Deep Bass| Ma...,https://via.placeholder.com/200
TECHFIRE,Fire 500v2 Neckband hi-bass Wireless headphone...,https://via.placeholder.com/200
NS,"WORLD Maverix TWS Earbuds, 20H Playtime,IPX5,Bluetoo...",https://via.placeholder.com/200
OPPO,Enco M32 / EWN20 Bluetooth Headset,https://via.placeholder.com/200
Aroma,NB119 Love - 80 Hours Playtime Bluetooth Neckband...,https://via.placeholder.com/200
Boult,"Audio YCharge with Pro+ Calling Mic, Full Charge ...",https://via.placeholder.com/200
U&i,Massive 80Hrs Battery Backup Bluetooth Neckband wit...,https://via.placeholder.com/200
Boult,"Audio ProBass EQCharge with ZEN Mode ENC, 32hrs P...",https://via.placeholder.com/200
OPPO,Enco M32 / EWN20 Bluetooth Headset,https://via.placeholder.com/200
Boult,"Audio AirBass Y1 TWS Earbuds, 40H Playtime, Fast ...",https://via.placeholder.com/200
Aroma,NB119 Genius - 60 Hours Playtime Fast Charging Wi...,https://via.placeholder.com/200
Nexbird,B11 Neckband Truly Wireless Bluetooth 5.0 Headp...,https://via.placeholder.com/200
Noise,"Buds VS102 with 50 Hrs Playtime, 11mm Driver, IPX...",https://via.placeholder.com/200
Boult,"Audio Gearpods with 32H Playtime, Fast Charging, ...",https://via.placeholder.com/200
Mivi,Duopods F30 with 42 hours battery Fast Charging TW...,https://via.placeholder.com/200
Mivi,DuoPods F40 with 50 Hrs Playtime I13mm Drivers|Mad...,https://via.placeholder.com/200
boAt,Airdopes 131 with upto 60 Hours and ASAP Charge Bl...,https://via.placeholder.com/200
Boult,"Audio Z40 with Zen ENC Mic, 60H Battery Life, Low...",https://via.placeholder.com/200
snowbudy,"Bluetooth Earbuds with High Bass, Full Touch, ...",https://via.placeholder.com/200
Aroma,NB119C Carter 48 Hours Playing Time Fast Charging...,https://via.placeholder.com/200
boAt,Rockerz 235v2/238 with ASAP Charge and upto 8 Hour...,https://via.placeholder.com/200
Mivi,"DuoPods K5 TWS Earbuds Metallic Finish, HD calling...",https://via.placeholder.com/200
Mivi,"Collar D25 Earphones with fast charge, 24Hours pla...",https://via.placeholder.com/200
TECHFIRE,F-700 40 Hours Playtime Bluetooth Wireless Nec...,https://via.placeholder.com/200
boAt,Rockerz 333 Pro with 60 Hours Battery Bluetooth He...,https://via.placeholder.com/200
Boult,"Audio YCharge with Pro+ Calling Mic, Full Charge ...",https://via.placeholder.com/200
Aroma,"NB119 Unity 100 Hours Playtime ENC, EQ modes, Fas...",https://via.placeholder.com/200
TECHFIRE,T20 60 Hours Playing Time Fast Charging Blueto...,https://via.placeholder.com/200
Dozokil,M10 TWS Bluetooth Earbuds Wireless Earbuds (Bla...,https://via.placeholder.com/200
boAt,Rockerz 235 Pro with upto 20 Hours Playback & ASAP...,https://via.placeholder.com/200
DigiClues,Classic N21 TWS LED With Flashlight 40H Playt...,https://via.placeholder.com/200
LONGWINGS,Deep Bass Bluetooth 5.2 Light Weight with Wir...,https://via.placeholder.com/200
Lichen,B11 Neckband Bluetooth Headset Earphone Sports R...,https://via.placeholder.com/200
Boult,"Audio Truebuds with 30H Battery, IPX7 Waterproof,...",https://via.placeholder.com/200
Mivi,"Commando X9 Earbuds, Dual RGB Lights, 35ms Low Lat...",https://via.placeholder.com/200
snowbudy,X2 Pro Wireless Earbuds with Support Upto 6-8h...,https://via.placeholder.com/200
ULTADOR,"Audio Bass Blast YCharge with Fast Charging , P...",https://via.placeholder.com/200
Boult,"Audio Curve with BoomX Rich Bass, Flexi-band, Mag...",https://via.placeholder.com/200
Aroma,NB119 Platinum - 48 Hours Playtime Bluetooth Neck...,https://via.placeholder.com/200
Mivi,"Collar D25 Earphones with fast charge, 24Hours pla...",https://via.placeholder.com/200
Aroma,NB119 Jersey - 48 Hours Playtime Fast Charging Wi...,https://via.placeholder.com/200
KRAZZY,INDIA B11 BLUE Bluetooth without Mic Headset,https://via.placeholder.com/200
Digiwins,B235 Neckband With ASAP Fast Charging Stereo S...,https://via.placeholder.com/200
Mivi,"Collar D25 Earphones with fast charge, 24Hours pla...",https://via.placeholder.com/200
Boult,"Audio YCharge with Pro+ Calling Mic, Full Charge ...",https://via.placeholder.com/200
TimbreSonic,Bounce Plus in-Ear Wireless Bluetooth Smart...,https://via.placeholder.com/200
truke,"Yoga Mystic with 50H Playtime, Fast Charge, ENC, ...",https://via.placeholder.com/200
Aroma,NB120 Last 36 Hours Playtime Bluetooth Neckband E...,https://via.placeholder.com/200
Boult,"Audio AirBass Y1 TWS Earbuds, 40H Playtime, Fast ...",https://via.placeholder.com/200
Noise,"Nerve Neckband with 25 Hours of Playtime, 10mm Dr...",https://via.placeholder.com/200
GENTLEMOB,M19 Gaming Earbuds Bluetooth 5.0 wireless Pro...,https://via.placeholder.com/200
Noise,"Air Buds Mini with 15 Hours Playtime, Tru Bass Te...",https://via.placeholder.com/200
Boult,"Audio Gearpods with 32H Playtime, Fast Charging, ...",https://via.placeholder.com/200
Mivi,DuoPods F60 ENC with 50+ Hrs Playtime| Made in Ind...,https://via.placeholder.com/200
ENTROK,M19 TWS Bluetooth 5.1 Wireless Earbuds With 2000...,https://via.placeholder.com/200
OPPO,Enco Buds 2 with 28 Hours Playback and AI Deep Noi...,https://via.placeholder.com/200
Boult,"Audio Z40 with Zen ENC Mic, 60H Battery Life, Low...",https://via.placeholder.com/200
truke,"Buds Q1 with 30H Playtime, Quad Mic ENC, Game Mod...",https://via.placeholder.com/200
U&i,Burn Series Single Ear Business Headset Bluetooth H...,https://via.placeholder.com/200
Ucool,Nexa 100 Hours Playtime Bluetooth Wireless Neckba...,https://via.placeholder.com/200
Boult,"Audio YCharge with Pro+ Calling Mic, Full Charge ...",https://via.placeholder.com/200
Aroma,NB119C Carter 48 Hours Playing Time Fast Charging...,https://via.placeholder.com/200
Noise,"Nerve Neckband with 25 Hours of Playtime, 10mm Dr...",https://via.placeholder.com/200
boAt,"Rockerz 260 with Beast Mode, ENx Tech and ASAP Cha...",https://via.placeholder.com/200
boAt,Rockerz 235 Pro with upto 20 Hours Playback & ASAP...,https://via.placeholder.com/200
U&i,Titanic Series - Low Price Bluetooth Neckband Bluet...,https://via.placeholder.com/200
Aroma,NB119 King 100 Hours Playting Time Fast Charging ...,https://via.placeholder.com/200
snowbudy,"(TWS) with Mic Bluetooth 5.0 6Hours Playtime, ...",https://via.placeholder.com/200
Boult,"Audio Truebuds with 30H Battery, IPX7 Waterproof,...",https://via.placeholder.com/200
GREE,MATT M19 Bluetooth 5.1 Wireless Earbuds Touch Wate...,https://via.placeholder.com/200
TXOR,"SENSO V 1.0 TWS EARBUDS, Bass+ 20 H Play time & Fa...",https://via.placeholder.com/200
TEG,"EARBUDS SMALL SIZE, SUPER LIGHTWEIGHT earphone Blue...",https://via.placeholder.com/200
ORAIMO,"Airbuds 3 Earbuds with ENC, up to 20 hours Playb...",https://via.placeholder.com/200
Boult,"Audio Truebuds with 30H Battery, IPX7 Waterproof,...",https://via.placeholder.com/200
Noise,"Buds VS102 Plus with 70 Hrs Playtime, Environment...",https://via.placeholder.com/200
Aroma,NB119 Magic 100 Hours Playing Time Fast Charging ...,https://via.placeholder.com/200
Boult,"Audio Curve with BoomX Rich Bass, Flexi-band, Mag...",https://via.placeholder.com/200
TECHFIRE,M-31 Pro Neckband Wireless Bluetooth Headphone...,https://via.placeholder.com/200
U&i,Pro 50Hrs Battery Backup Bluetooth Neckband with Ma...,https://via.placeholder.com/200
Boult,"Audio Curve with BoomX Rich Bass, Flexi-band, Mag...",https://via.placeholder.com/200
Mivi,"DuoPods K7 Metallic Finish,AI ENC,50H Playtime,Low...",https://via.placeholder.com/200
Aroma,"NB119 Love 80 Hours Playtime Fast Charging, Dual ...",https://via.placeholder.com/200
Noise,"Nerve Pro with upto 35hrs of playtime, ESR, Insta...",https://via.placeholder.com/200
Boult,"Audio Curve ANC with Active Noice Cancellation, E...",https://via.placeholder.com/200
Aroma,NB140 Captain 24 Hours* Playtime | Deep Bass | Ma...,https://via.placeholder.com/200
U&i,Burn Series Single Ear Business Headset Bluetooth H...,https://via.placeholder.com/200
SONY,WI-C100 with 25 Hours Battery Life Bluetooth Heads...,https://via.placeholder.com/200
U&i,Titanic Series - Low Price Bluetooth Neckband Bluet...,https://via.placeholder.com/200
Aroma,NB140 Evolve 24 Hours* Playtime | Deep Bass | Mad...,https://via.placeholder.com/200
boAt,Airdopes 131 with upto 60 Hours and ASAP Charge Bl...,https://via.placeholder.com/200
realme,Techlife Buds T100 with up to 28 Hours Playback ...,https://via.placeholder.com/200
Boult,"Audio Maverick with Quad Mic ENC, 45ms Low Latenc...",https://via.placeholder.com/200
Mivi,"DuoPods K5 TWS Earbuds Metallic Finish, HD calling...",https://via.placeholder.com/200
Lichen,B11 Neckband Bluetooth Headset Earphone Sports R...,https://via.placeholder.com/200
Boult,"Audio Airbass Z35 with ZEN ENC Mic, 32H Playtime,...",https://via.placeholder.com/200
Boult,"Audio PowerBuds with Inbuilt Powerbank, 120H Batt...",https://via.placeholder.com/200
boAt,"Airdopes 161 with ASAP Charge, 10mm Drivers and 17...",https://via.placeholder.com/200
Aroma,"NB119 Diamond 50 Hours Playtime Fast Charging, Du...",https://via.placeholder.com/200
Mivi,Collar Classic Pro TWS Neckband with 72 Hours of P...,https://via.placeholder.com/200
Ucool,Elite 100 Hours Playtime Wireless Neckband headph...,https://via.placeholder.com/200
TECHFIRE,Fire 500v2 Neckband hi-bass Wireless headphone...,https://via.placeholder.com/200
HOPPUP,"ALPHA Neckband with 50H Playtime, Gaming Mode, E...",https://via.placeholder.com/200
Boult,"Audio Curve with BoomX Rich Bass, Flexi-band, Mag...",https://via.placeholder.com/200
Ucool,Nexa 100 Hours Playtime Bluetooth Wireless Neckba...,https://via.placeholder.com/200
TECHFIRE,Fire 500v2 Neckband hi-bass Wireless Bluetooth...,https://via.placeholder.com/200
KRAZZY,INDIA headphone0011 Bluetooth Headset,https://via.placeholder.com/200
Mivi,DuoPods F40 with 50 Hrs Playtime I13mm Drivers|Mad...,https://via.placeholder.com/200
truke,"BTG Beta with 13mm Titanium Drivers, 38H Playtime...",https://via.placeholder.com/200
Aroma,NB140 Evolve 24 Hours* Playtime | Deep Bass | Mad...,https://via.placeholder.com/200
realme,Buds Air 3 with Fast Charge & Active Noise Cance...,https://via.placeholder.com/200
ORAIMO,"Airbuds 3 Earbuds with ENC, up to 20 hours Playb...",https://via.placeholder.com/200
boAt,"Airdopes 100 with 50 Hours Playback, Quad Mics ENx...",https://via.placeholder.com/200
TECHFIRE,Fire-T10 -48 Hours Playing Time Fast Charging ...,https://via.placeholder.com/200
FD1,S_S L21 Wireless bluetooth headphone Waterproof Ste...,https://via.placeholder.com/200
SONY,WI-XB400 Extra Bass Wireless Stereo Headset Blueto...,https://via.placeholder.com/200
Aroma,NB119 Jersey - 48 Hours Playtime Fast Charging Wi...,https://via.placeholder.com/200
TECHFIRE,Fire 500v2 Neckband hi-bass Wireless Bluetooth...,https://via.placeholder.com/200
Aroma,NB119C Carter 48 Hours Playing Time Fast Charging...,https://via.placeholder.com/200
TECHFIRE,M-31 Pro Neckband Wireless Bluetooth Headphone...,https://via.placeholder.com/200
Aroma,NB119 Rock - 40 Hours Playtime Bluetooth Neckband...,https://via.placeholder.com/200
FUR,JADEN AirJams GenZ TWS Earbuds 24 Hour Battery HD M...,https://via.placeholder.com/200
boAt,Rockerz 333 Pro with 60 Hours Battery Bluetooth He...,https://via.placeholder.com/200
TECHFIRE,Live 1000 Neckband wireless headphones with 36...,https://via.placeholder.com/200
Mivi,"Collar D25 Earphones with fast charge, 24Hours pla...",https://via.placeholder.com/200
Boult,"Audio Z40 with Zen ENC Mic, 60H Battery Life, Low...",https://via.placeholder.com/200
U&i,Pro 50Hrs Battery Backup Bluetooth Neckband with Ma...,https://via.placeholder.com/200
Boltune,BT-335 Neckband hi-bass Wireless Bluetooth head...,https://via.placeholder.com/200
Boult,"Audio X45 with Quad Mic ENC, 40H Playtime, 45ms U...",https://via.placeholder.com/200
Boult,"Audio ProBass EQCharge with ZEN Mode ENC, 32hrs P...",https://via.placeholder.com/200
PTron,"Basspods P481, 60Hrs Playtime, Deep Bass, ENC Ste...",https://via.placeholder.com/200
Xezbi,(True buds) Wireless headphone Bluetooth earphone...,https://via.placeholder.com/200
FPX,Jazz 80 Hours Playtime with Deep Bass Neckband Head...,https://via.placeholder.com/200
Boult,"Audio AirBass Y1 TWS Earbuds, 40H Playtime, Fast ...",https://via.placeholder.com/200
Ggkart,K1 BLACK Bluetooth Headset Bluetooth Headset,https://via.placeholder.com/200
Mivi,"DuoPods K1 compact earbuds,AI-ENC,TWS with 42H Pla...",https://via.placeholder.com/200
blue,"seed BBD Neckband Crystal Clear Sound,Vibration Al...",https://via.placeholder.com/200
Boult,"Audio Z40 with Zen ENC Mic, 60H Battery Life, Low...",https://via.placeholder.com/200
ORAIMO,"Necklace 4 Fast Charge, 50hr PlayTime, Super Bas...",https://via.placeholder.com/200
Aroma,NB128 Happy 24 Hours Playting Time Deep Bass Made...,https://via.placeholder.com/200
Aroma,NB119 Diamond - 50 Hours Playtime Bluetooth Neckb...,https://via.placeholder.com/200
Boult,"Audio Truebuds with 30H Battery, IPX7 Waterproof,...",https://via.placeholder.com/200
KIMTOK,Bluetooth Wireless Earphone Waterproof Headphone...,https://via.placeholder.com/200
U&i,Massive 80Hrs Battery Backup Bluetooth Neckband wit...,https://via.placeholder.com/200
U&i,Massive 80Hrs Battery Backup Bluetooth Neckband wit...,https://via.placeholder.com/200
Boult,"Audio Truebuds with 30H Battery, IPX7 Waterproof,...",https://via.placeholder.com/200
OnePlus,Buds Z2 with Active Noise cancellation Bluetoot...,https://via.placeholder.com/200
Aroma,NB140 Evolve 24 Hours* Playtime | Deep Bass | Mad...,https://via.placeholder.com/200
Alfanso,"Earbud White, With (Wireless Charging Case) Blu...",https://via.placeholder.com/200
PTron,"Bassbuds Joy TWS with 13mm Drivers, Stereo Calls,...",https://via.placeholder.com/200
OnePlus,Nord Buds Bluetooth Headset,https://via.placeholder.com/200
Boult,"Audio Airbass Z35 with ZEN ENC Mic, 32H Playtime,...",https://via.placeholder.com/200
Wings,Phantom 500 with ENC and 40 ms latency game mode ...,https://via.placeholder.com/200
Boult,"Audio Maverick with Quad Mic ENC, 45ms Low Latenc...",https://via.placeholder.com/200
Aroma,NB119C Carter 48 Hours Playing Time Fast Charging...,https://via.placeholder.com/200
KRAZZY,INDIA B11 BLUE Bluetooth without Mic Headset,https://via.placeholder.com/200
U&i,Pro 50Hrs Battery Backup Bluetooth Neckband with Ma...,https://via.placeholder.com/200
Boult,"Audio X50 with 40Hr Battery, Quad Mic ENC, 45ms U...",https://via.placeholder.com/200
TECHFIRE,Fire-155 Neckband hi-bass Wireless Bluetooth h...,https://via.placeholder.com/200
Aroma,NB119 Jersey - 48 Hours Playtime Fast Charging Wi...,https://via.placeholder.com/200
Lichen,B11 Neckband Truly Wireless Bluetooth 5.0 Headph...,https://via.placeholder.com/200
Aroma,NB119 Freedom - 72 Hours Playtime Bluetooth Neckb...,https://via.placeholder.com/200
Longway,Beat 512 with Fast Charge and upto 30 Hours Pla...,https://via.placeholder.com/200
CIHLEX,CH-125 Latest Headphones Neckband Music Time Bat...,https://via.placeholder.com/200
Boult,"Audio Z40 with Zen ENC Mic, 60H Battery Life, Low...",https://via.placeholder.com/200
Ucool,Gusto 80 Hours Playtime Wireless Neckband headpho...,https://via.placeholder.com/200
Earboss,M10 Earbuds/ipod/buds 5.1 Earbuds with 280H Pla...,https://via.placeholder.com/200
Boult,"Audio AirBass Y1 TWS Earbuds, 40H Playtime, Fast ...",https://via.placeholder.com/200
Boult,"Audio ProBass EQCharge with ZEN Mode ENC, 32hrs P...",https://via.placeholder.com/200
Mivi,DuoPods F40 with 50 Hrs Playtime I13mm Drivers|Mad...,https://via.placeholder.com/200
Noise,"Buds VS102 Plus with 70 Hrs Playtime, Environment...",https://via.placeholder.com/200
snowbudy,A15 Wireless Earbuds with Support Upto 6-8hrs ...,https://via.placeholder.com/200
Aroma,NB140 Captain 24 Hours* Playtime | Deep Bass | Ma...,https://via.placeholder.com/200
GREEN,BIRD in-Ear Truly Wireless Earbuds with Fast Char...,https://via.placeholder.com/200
boAt,Rockerz 255F Pro with Fast Charging Bluetooth Head...,https://via.placeholder.com/200
boAt,"Rockerz 378 with Spatial Bionic Sound by THX, ASAP...",https://via.placeholder.com/200
PTron,"Bassbuds Joy TWS with 13mm Drivers, Stereo Calls,...",https://via.placeholder.com/200
Aroma,"NB119 Extreme 100 Hours, Type C Fast Charging Mag...",https://via.placeholder.com/200
Aroma,NB119 Neutron 60 Hours PlayTime With 4 EQ modes F...,https://via.placeholder.com/200
Aroma,NB120 Jam 24 Hours Playtime Bluetooth Neckband Ea...,https://via.placeholder.com/200
Aroma,NB140 Evolve 24 Hours* Playtime | Deep Bass | Mad...,https://via.placeholder.com/200
IZWI,"Premium Wireless Magnetic Neckband, Bluetooth in E...",https://via.placeholder.com/200
Mivi,Collar Classic Neckband with Fast Charging Bluetoo...,https://via.placeholder.com/200
Dozokil,L21 Earbuds/Air-pod/ buds 5.0 Bluetooth Headset,https://via.placeholder.com/200
Boult,"Audio Truebuds with 30H Battery, IPX7 Waterproof,...",https://via.placeholder.com/200
MR,ROBOT K1 Wireless Bluetoth Single Ear Headset Earbud...,https://via.placeholder.com/200
FUR,"JADEN AirJams 13mm HD Dynamic Driver, Thumping Bass...",https://via.placeholder.com/200
Mayank,"M19 Bluetooth Headset (Black, True Wireless) Blu...",https://via.placeholder.com/200
Boult,"Audio Z40 with Zen ENC Mic, 60H Battery Life, Low...",https://via.placeholder.com/200
DEFY,"GravityZ with upto 50 Hours Playback, 4 Mic ENC, 1...",https://via.placeholder.com/200
truke,"Buds A1 with 30dB ANC, Quad Mic ENC, 48H Playtime...",https://via.placeholder.com/200
ZTNY,2023 New Design In-Ear Waterproof Wireless Earphon...,https://via.placeholder.com/200
Mivi,"DuoPods K7 Metallic Finish,AI ENC,50H Playtime,Low...",https://via.placeholder.com/200
CARRON,CH-125 Dilbar - 48 Hour Playtime Bluetooth Headp...,https://via.placeholder.com/200
ZTNY,Wireless Bluetooth Headphones Flexible Neckband wi...,https://via.placeholder.com/200
Lichen,B11 Neckband Truly Wireless Bluetooth 5.0 Headph...,https://via.placeholder.com/200
boAt,"Airdopes 161 with ASAP Charge, 10mm Drivers and 17...",https://via.placeholder.com/200
KRAZZY,INDIA b11 red Bluetooth Headset,https://via.placeholder.com/200
Syska,"PACE HE3500 with ENC, Fast Charging, Low Latency ...",https://via.placeholder.com/200
CIHYARD,CH-125 Dilbar - 30 Hours Playtime Bluetooth Nec...,https://via.placeholder.com/200
Aroma,NB119 Star - 50 Hours Playtime Bluetooth Neckband...,https://via.placeholder.com/200
Aroma,NB120 Last 36 Hours Playtime Bluetooth Neckband E...,https://via.placeholder.com/200
Boult,"Audio Z40 with Zen ENC Mic, 60H Battery Life, Low...",https://via.placeholder.com/200
snowbudy,Gaming pro Earbuds Upto 32 Hrs Playtime With 2...,https://via.placeholder.com/200
truke,"Buds S1 with Quad Mic ENC, 72 Hours Playtime, 10m...",https://via.placeholder.com/200
TRUETAG,M19 TWS Bluetooth 5.1 Wireless Earbuds With 220...,https://via.placeholder.com/200
Boult,"Audio ProBass EQCharge with ZEN Mode ENC, 32hrs P...",https://via.placeholder.com/200
flying,india New Edition TWS M19 Gaming Earbuds Bluetoo...,https://via.placeholder.com/200
DEFY,"GravityZ with upto 50 Hours Playback, 4 Mic ENC, 1...",https://via.placeholder.com/200
Alfanso,"BEATBOX TWS EARBUDS, Bass+ 20 H Playtime & Fast...",https://via.placeholder.com/200
Boult,"Audio AirBass Y1 TWS Earbuds, 40H Playtime, Fast ...",https://via.placeholder.com/200
JOKIN,single ear Bluetooth hedset Bluetooth Headset,https://via.placeholder.com/200
CARRON,CH-106 Tiger - 48 Hour Playtime Bluetooth Headph...,https://via.placeholder.com/200
TECHFIRE,Fire 200 PRO Neckband hi-bass Wireless Bluetoo...,https://via.placeholder.com/200
Boult,"Audio Z40 with Zen ENC Mic, 60H Battery Life, Low...",https://via.placeholder.com/200
CARRON,CH-125 Dilbar - 48 Hour Playtime Bluetooth Headp...,https://via.placeholder.com/200
U&i,Melody 48Hrs Battery Backup Bluetooth Neckband with...,https://via.placeholder.com/200
HOPPUP,"ALPHA Neckband with 50H Playtime, Gaming Mode, E...",https://via.placeholder.com/200
Boult,"Audio Truebuds with 30H Battery, IPX7 Waterproof,...",https://via.placeholder.com/200
LEAF,Move X142 Bluetooth Headset,https://via.placeholder.com/200
U&i,Burn Series Single Ear Business Headset Bluetooth H...,https://via.placeholder.com/200
Earboss,"Z11 Earbuds with Gaming Pods, 200H Playtime, Qu...",https://via.placeholder.com/200
Boult,"Audio Truebuds with 30H Battery, IPX7 Waterproof,...",https://via.placeholder.com/200
truke,"Buds Vibe with 35dB ANC, 4Mic ENC, 13mm Speaker, ...",https://via.placeholder.com/200
boAt,"Airdopes 100 with 50 Hours Playback, Quad Mics ENx...",https://via.placeholder.com/200
blue,seed M19 Bluetooth 5.1 Wireless Earbuds Touch Wate...,https://via.placeholder.com/200
Boult,"Audio Maverick with Quad Mic ENC, 45ms Low Latenc...",https://via.placeholder.com/200
DigiClues,"Gaming Pro P30 with ENC HD+ Calling, Deep Bas...",https://via.placeholder.com/200
KDM,A-2 sport 59 hour Bluetooth Headset,https://via.placeholder.com/200
Ubon,"Club Series CL-80 With In-Built MIic,Upto 45Hour P...",https://via.placeholder.com/200
Boult,"Audio X50 with 40Hr Battery, Quad Mic ENC, 45ms U...",https://via.placeholder.com/200
Aroma,NB119 Neutron 60 Hours PlayTime With 4 EQ modes F...,https://via.placeholder.com/200
Ucool,Soul 100 Hours Playtime Wireless Neckband Earphon...,https://via.placeholder.com/200
realme,Buds Wireless Pro with Active Noise Cancellation...,https://via.placeholder.com/200
Boult,"Audio Curve with BoomX Rich Bass, Flexi-band, Mag...",https://via.placeholder.com/200
SUCHETA,20 Hours Playtime Neckband Bluetooth Headset,https://via.placeholder.com/200
Ucool,Sport 50 Hours Backup Wireless Neckband Bluetooth...,https://via.placeholder.com/200
UPOZA,"BTH F9 Pro Earbuds with ENC HD+ Calling, Deep Bas...",https://via.placeholder.com/200
ZEBRONICS,Zeb Yoga 90 Plus Bluetooth Headset,https://via.placeholder.com/200
Syska,"PACE HE3500 with ENC, Fast Charging, Low Latency ...",https://via.placeholder.com/200
Mivi,DuoPods M30 earbuds with 42 hours of playtime | Ma...,https://via.placeholder.com/200
Aroma,NB137 Nexon 16 Hours* Playtime Deep Bass True Wir...,https://via.placeholder.com/200
Aroma,NB140 Dhamaal 24 Hours* Playtime | Deep Bass | Ma...,https://via.placeholder.com/200
flying,india New Edition TWS M19 Gaming Earbuds Bluetoo...,https://via.placeholder.com/200
Ggkart,K1 BLACK Bluetooth Headset Bluetooth Headset,https://via.placeholder.com/200
Aroma,NB140 Captain 24 Hours* Playtime | Deep Bass | Ma...,https://via.placeholder.com/200
blue,seed M19 Bluetooth 5.1 Wireless Earbuds Touch Wate...,https://via.placeholder.com/200
FUR,"JADEN AirJams 13mm HD Dynamic Driver, Thumping Bass...",https://via.placeholder.com/200
TECHFIRE,Fire 200 PRO Neckband hi-bass Wireless Bluetoo...,https://via.placeholder.com/200
Boult,"Audio YCharge with Pro+ Calling Mic, Full Charge ...",https://via.placeholder.com/200
Wings,Phantom 205 Neck band with touch controls Bluetoo...,https://via.placeholder.com/200
CARRON,CH-125 Dilbar - 48 Hour Playtime Bluetooth Headp...,https://via.placeholder.com/200
LEAF,Move X142 Bluetooth Headset,https://via.placeholder.com/200
Boult,"Audio AirBass Y1 TWS Earbuds, 40H Playtime, Fast ...",https://via.placeholder.com/200
MR,ROBOT Premium B11 Neckband Bluetooth Headset Earphon...,https://via.placeholder.com/200
Ucool,Soul 100 Hours Playtime Wireless Neckband Earphon...,https://via.placeholder.com/200
Ucool,Beast 100 Hours Playtime Bluetooth Wireless Neckb...,https://via.placeholder.com/200
Aroma,NB140 Evolve 24 Hours* Playtime | Deep Bass | Mad...,https://via.placeholder.com/200
Alfanso,"BEATBOX TWS EARBUDS, Bass+ 20 H Playtime & Fast...",https://via.placeholder.com/200
truke,"Buds A1 with 30dB ANC, Quad Mic ENC, 48H Playtime...",https://via.placeholder.com/200
Highnotes,M19 Earbuds/TWS/buds 5.1 Earbuds with 280H Pl...,https://via.placeholder.com/200
Boult,"Audio Gearpods with 32H Playtime, Fast Charging, ...",https://via.placeholder.com/200
GREEN,BIRD in-Ear Truly Wireless Earbuds with Fast Char...,https://via.placeholder.com/200
PTron,"Basspods Encore TWS Earbuds, 50H Playtime, Quad M...",https://via.placeholder.com/200
ORAIMO,"Airbuds 3 Earbuds with ENC, up to 20 hours Playb...",https://via.placeholder.com/200
Boult,"Audio Z40 with Zen ENC Mic, 60H Battery Life, Low...",https://via.placeholder.com/200
flying,india Exclusive Gaming Earbuds M28 Upto 48 Hours...,https://via.placeholder.com/200
ZTNY,2023 New Design In-Ear Waterproof Wireless Earphon...,https://via.placeholder.com/200
Aroma,"NB128 Adventure 50 Hours Playtime Fast Charging, ...",https://via.placeholder.com/200
Boult,"Audio YCharge with Pro+ Calling Mic, Full Charge ...",https://via.placeholder.com/200
Ubon,"Club Series CL-80 With In-Built MIic,Upto 45Hour P...",https://via.placeholder.com/200
CIHROX,"Bluetooth Neckband 12Hrs Playback, 10mm Drivers,...",https://via.placeholder.com/200
CIHYARD,CH-125 Dilbar - 30 Hours Playtime Bluetooth Nec...,https://via.placeholder.com/200
HOPPUP,GRAND With Power Bank Function & Upto 75 Hours P...,https://via.placeholder.com/200
TEQIR,Bluetooth Neckband Bluetooth Headset Immersive Au...,https://via.placeholder.com/200
TEG,BEAST 5.2 Bluetooth Sports Bluetooth Headset,https://via.placeholder.com/200
Wings,"Phantom 110 Neckband, LED , 20 hrs Playtime, 50ms...",https://via.placeholder.com/200
flying,india New Edition TWS M19 Gaming Earbuds Bluetoo...,https://via.placeholder.com/200
U&i,Burn Series Single Ear Business Headset Bluetooth H...,https://via.placeholder.com/200
Aroma,NB137 Nexon 16 Hours* Playtime Deep Bass True Wir...,https://via.placeholder.com/200
MEDIAL,"SENSO V 1.0 TWS EARBUDS, Bass+ 20 H Playtime & F...",https://via.placeholder.com/200
HOPPUP,GRAND With Power Bank Function & Upto 75 Hours P...,https://via.placeholder.com/200
Syska,SonicBuds X2 Bluetooth Headset,https://via.placeholder.com/200
Aroma,NB140 Captain 24 Hours* Playtime | Deep Bass | Ma...,https://via.placeholder.com/200
Wings,"Phantom Pro earbuds with Low latency Game mode, 4...",https://via.placeholder.com/200
Ucool,Beast 100 Hours Playtime Bluetooth Wireless Neckb...,https://via.placeholder.com/200
boAt,Rockerz 255 Arc with ENx Technology and upto 30 Ho...,https://via.placeholder.com/200
Boult,"Audio YCharge with Pro+ Calling Mic, Full Charge ...",https://via.placeholder.com/200
Nexbird,B11 Neckband Truly Wireless Bluetooth 5.0 Headp...,https://via.placeholder.com/200
Portronics,Harmonics 250 Fast Charging with 60Hrs Playt...,https://via.placeholder.com/200
KDM,A-2 sport 59 hour Bluetooth Headset,https://via.placeholder.com/200
Boult,"Audio AirBass Y1 TWS Earbuds, 40H Playtime, Fast ...",https://via.placeholder.com/200
Casa,Tech Long Hrs Playtime with Quick Charge in Ear Bl...,https://via.placeholder.com/200
Cellecor,NK3 Wireless Waterproof Neckband with 25 Hrs p...,https://via.placeholder.com/200
DEFY,GravityU with 35 Hours Playback and Beast Mode Blu...,https://via.placeholder.com/200
Aroma,NB140 Evolve 24 Hours* Playtime | Deep Bass | Mad...,https://via.placeholder.com/200
realme,Buds Air 3 with Fast Charge & Active Noise Cance...,https://via.placeholder.com/200
Tunifi,TN01 TWS Earbuds Upto 48Hrs. Playback with Power...,https://via.placeholder.com/200
Noise,"Beads with 18hrs of playtime, HyperSync, IPX5 and...",https://via.placeholder.com/200
Boult,"Audio Gearpods with 32H Playtime, Fast Charging, ...",https://via.placeholder.com/200
Mivi,DuoPods F60 ENC with 50+ Hrs Playtime| Made in Ind...,https://via.placeholder.com/200
Boult,"Audio Gearpods with 32H Playtime, Fast Charging, ...",https://via.placeholder.com/200
Varni,CAP10 Flexible with Upto 16Hours Playtime Bluetoo...,https://via.placeholder.com/200
Boult,"Audio Z40 with Zen ENC Mic, 60H Battery Life, Low...",https://via.placeholder.com/200
CARRON,CH-271 Pull-Fire - 48 Hour Playtime Bluetooth He...,https://via.placeholder.com/200
FPX,Jazz 35 Hours Playtime with Deep Bass Neckband Head...,https://via.placeholder.com/200
Aroma,NB119 Champion - 50 Hours Playtime Fast Charging ...,https://via.placeholder.com/200
Boult,"Audio YCharge with Pro+ Calling Mic, Full Charge ...",https://via.placeholder.com/200
Makzee,"MAGIC2626 WATERPROOF, TurboBass, D-Pairing, Ligh...",https://via.placeholder.com/200
Syska,PACE X1 Bluetooth Headset,https://via.placeholder.com/200
D1Y3,IN 75 HOURS BETETRY BACKUP HIGH BASS STORNG LONG B...,https://via.placeholder.com/200
boAt,Rockerz 235 Pro with upto 20 Hours Playback & ASAP...,https://via.placeholder.com/200
Mivi,DuoPods F40 with 50 Hrs Playtime I13mm Drivers|Mad...,https://via.placeholder.com/200
boAt,Airdopes 131 with upto 60 Hours and ASAP Charge Bl...,https://via.placeholder.com/200
boAt,"Airdopes Atom 83 with 50Hrs Playback, Quad Mics EN...",https://via.placeholder.com/200
ZWOLLEX,High Bass Neck Band with Mic and Noise Cancella...,https://via.placeholder.com/200
PTron,"Bassbuds Joy TWS with 13mm Drivers, Stereo Calls,...",https://via.placeholder.com/200
LUTENET,Original i12 true wireless headset earbuds with...,https://via.placeholder.com/200
boAt,Airdopes 411ANC with upto 17.5 Hours Playback and ...,https://via.placeholder.com/200
Wings,"Phantom 550 Earbuds with Low latency Game mode, 4...",https://via.placeholder.com/200
Boult,"Audio Z40 with Zen ENC Mic, 60H Battery Life, Low...",https://via.placeholder.com/200
Mytrack,"Neckband Low latency , Microphone incoming call...",https://via.placeholder.com/200
Aroma,NB119_Boom - 72 Hours Playtime Bluetooth Headset,https://via.placeholder.com/200
CIHROX,"Bluetooth Neckband 12Hrs Playback, 10mm Drivers,...",https://via.placeholder.com/200
Boult,"Audio ProBass EQCharge with ZEN Mode ENC, 32hrs P...",https://via.placeholder.com/200
Ucool,Beast 100 Hours Playtime Bluetooth Wireless Neckb...,https://via.placeholder.com/200
Ubon,CL-122 Neckband Bluetooth Headset,https://via.placeholder.com/200
D1Y3,IN 75 HOURS BETETRY BACKUP HIGH BASS STORNG LONG B...,https://via.placeholder.com/200
Boult,"Audio AirBass Y1 TWS Earbuds, 40H Playtime, Fast ...",https://via.placeholder.com/200
U&i,Melody 48Hrs Battery Backup Bluetooth Neckband with...,https://via.placeholder.com/200
HUTUVI,i7s Bluetooth Headphone Twins Wireless Buds (set...,https://via.placeholder.com/200
TECHFIRE,i7s Tws Mini Earphone Bluetooth Headset,https://via.placeholder.com/200
Aroma,NB140 Captain 24 Hours* Playtime | Deep Bass | Ma...,https://via.placeholder.com/200
Wings,Phantom Wireless Earbuds with 50ms Low Latency Ga...,https://via.placeholder.com/200
GREE,"MATT B11 Bluetooth Headset (Red, In the Ear) Bluet...",https://via.placeholder.com/200
DEFY,"GravityZ with upto 50 Hours Playback, 4 Mic ENC, 1...",https://via.placeholder.com/200
Boult,"Audio Truebuds with 30H Battery, IPX7 Waterproof,...",https://via.placeholder.com/200
Mivi,"DuoPods F70 ENC with Quad Mic, 50+ Hrs Playtime| M...",https://via.placeholder.com/200
ORAIMO,"Necklace 4 Fast Charge, 50hr PlayTime, Super Bas...",https://via.placeholder.com/200
Zusix,Elite 90 with 18 Hours Music Time In-Ear Wireless...,https://via.placeholder.com/200
Boult,"Audio Z40 with Zen ENC Mic, 60H Battery Life, Low...",https://via.placeholder.com/200
Nexbird,B11 Neckband Truly Wireless Bluetooth 5.0 Headp...,https://via.placeholder.com/200
FPX,Jazz 35 Hours Playtime with Deep Bass Neckband Head...,https://via.placeholder.com/200
Portronics,Harmonics Z2 - 30 Hours Playtime Wireless Ne...,https://via.placeholder.com/200
Aroma,NB140 Evolve 24 Hours* Playtime | Deep Bass | Mad...,https://via.placeholder.com/200
ROKAVO,Silver neckband wireless headphone headset earph...,https://via.placeholder.com/200
Ucool,Prime 60 Hours Playtime Bluetooth Wireless Neckba...,https://via.placeholder.com/200
truke,"Air Buds with Quad Mic ENC & 20 EQ modes, 10mm Dr...",https://via.placeholder.com/200
Mivi,"DuoPods K7 Metallic Finish,AI ENC,50H Playtime,Low...",https://via.placeholder.com/200
Rudra,Tech M10 TWS Bluetooth Earbuds Wireless Earbuds B...,https://via.placeholder.com/200
NP,SERIES TWS-I12 Twins Bluetooth Wireless Headset with...,https://via.placeholder.com/200
Mivi,"DuoPods K7 Metallic Finish,AI ENC,50H Playtime,Low...",https://via.placeholder.com/200
Wings,"Phantom 550 Earbuds with Low latency Game mode, 4...",https://via.placeholder.com/200
Raman,Sales M19 / M90 / M10 / Bluetooth 5.0 Wireless Ea...,https://via.placeholder.com/200
Aroma,NB140 Captain 24 Hours* Playtime | Deep Bass | Ma...,https://via.placeholder.com/200
Mivi,"DuoPods K1 compact earbuds,AI-ENC,TWS with 42H Pla...",https://via.placeholder.com/200
JAIBALLY,i12 TWS Wireless Bluetooth Earbuds Long Lastin...,https://via.placeholder.com/200
UPOZA,B235 Upto 25 Hours Playbak with ASAP Charge Bluet...,https://via.placeholder.com/200
Boult,"Audio YCharge with Pro+ Calling Mic, Full Charge ...",https://via.placeholder.com/200
IZWI,Behind The Neck Bluetooth Neckband with V5.2 Flexi...,https://via.placeholder.com/200
REDMI,SonicBass Wireless Bluetooth Neckband in-Ear Earp...,https://via.placeholder.com/200
Mivi,Collar 2A with Fast Charging Bluetooth Headset,https://via.placeholder.com/200
Boult,"Audio AirBass Y1 TWS Earbuds, 40H Playtime, Fast ...",https://via.placeholder.com/200
ROKAVO,Travel wrieless earbuds headphone neckband long ...,https://via.placeholder.com/200
ULTADOR,"Audio ProBass YCharge with Fast Charging , Pro+...",https://via.placeholder.com/200
Aroma,NB120 Last 36 Hours Playtime Bluetooth Neckband E...,https://via.placeholder.com/200
Aroma,NB137 Nexon 16 Hours* Playtime Deep Bass True Wir...,https://via.placeholder.com/200
Malhotra,enterprises Air Tune (Buds) True Wireless Blue...,https://via.placeholder.com/200
boAt,"Airdopes 100 with 50 Hours Playback, Quad Mics ENx...",https://via.placeholder.com/200
deamflum,Earbuds M90 PRO with Power Bank & ASAP Charge ...,https://via.placeholder.com/200
Boult,"Audio Z40 with Zen ENC Mic, 60H Battery Life, Low...",https://via.placeholder.com/200
Mestie,i12 tws earpods Bluetooth Headset 91 Bluetooth H...,https://via.placeholder.com/200
Mivi,"DuoPods K7 Metallic Finish,AI ENC,50H Playtime,Low...",https://via.placeholder.com/200
snowbudy,Gaming pro Earbuds Upto 32 Hrs Playtime With 2...,https://via.placeholder.com/200
Boult,"Audio YCharge with Pro+ Calling Mic, Full Charge ...",https://via.placeholder.com/200
Mivi,Collar Classic Pro TWS Neckband with 72 Hours of P...,https://via.placeholder.com/200
TECHFIRE,F-700 40 Hours Playtime Bluetooth Wireless Nec...,https://via.placeholder.com/200
ROKAVO,Hot Selling Sport Earphone Magnetic Good Quality...,https://via.placeholder.com/200
Aroma,NB140 Evolve 24 Hours* Playtime | Deep Bass | Mad...,https://via.placeholder.com/200
SONY,WI-C100 with 25 Hours Battery Life Bluetooth Heads...,https://via.placeholder.com/200
Portronics,Harmonics Z2 - 30 Hours Playtime Wireless Ne...,https://via.placeholder.com/200
Boult,"Audio Escape with Zen Tech ENC mic, BoomX Tech fo...",https://via.placeholder.com/200
Boult,"Audio Gearpods with 32H Playtime, Fast Charging, ...",https://via.placeholder.com/200
Portronics,Harmonics Z4 Wireless Stereo Neckband Blueto...,https://via.placeholder.com/200
MR,ROBOT K1 Wireless Bluetoth Single Ear Headset Earbud...,https://via.placeholder.com/200
truke,"Buds F1 with 38H Playtime, ENC, Instant Pairing, ...",https://via.placeholder.com/200
boAt,Rockerz 235 Pro with upto 20 Hours Playback & ASAP...,https://via.placeholder.com/200
GREE,"MATT B11 Bluetooth Headset (Red, In the Ear) Bluet...",https://via.placeholder.com/200
Nothing,"Ear (2) with Dual chamber sound, Hi-res audio, ...",https://via.placeholder.com/200
Boult,"Audio X45 with Quad Mic ENC, 40H Playtime, 45ms U...",https://via.placeholder.com/200
boAt,Airdopes 131 Iron Man Edition with 15 Hours Playti...,https://via.placeholder.com/200
truke,"Buds A1 with 30dB ANC, Quad Mic ENC, 48H Playtime...",https://via.placeholder.com/200
Boult,"Audio Z40 with Zen ENC Mic, 60H Battery Life, Low...",https://via.placeholder.com/200
VEKIN,bluetooth with microphone for calling and music B...,https://via.placeholder.com/200
Callmate,BassFit Pro (30 hours Backup) Wireless Neckban...,https://via.placeholder.com/200
TECHFIRE,N95- Hours Playtime with superior sound Neckba...,https://via.placeholder.com/200
Boult,"Audio ProBass EQCharge with ZEN Mode ENC, 32hrs P...",https://via.placeholder.com/200
ROKAVO,Girls Purple neckband wireless headphone headset...,https://via.placeholder.com/200
TECHFIRE,F-700 40 Hours Playtime Bluetooth Wireless Nec...,https://via.placeholder.com/200
TECHFIRE,F-255 neckband bluetooth headphone with Fast C...,https://via.placeholder.com/200
Boult,"Audio AirBass Y1 TWS Earbuds, 40H Playtime, Fast ...",https://via.placeholder.com/200
Hitage,NBT-2319 Grand Series stylish and comfortable Le...,https://via.placeholder.com/200
KDM,G2 Power Bluetooth Headset,https://via.placeholder.com/200
ISYSGO,New Arrival waterproof bluetooth 5.1 earbuds tws...,https://via.placeholder.com/200
Aroma,NB140 Captain 24 Hours* Playtime | Deep Bass | Ma...,https://via.placeholder.com/200
DigiClues,Premium N-21 Earbuds/TWs/buds 5.1 Earbuds wit...,https://via.placeholder.com/200
HOPPUP,"AirDoze D50 Earbuds with upto 50H Playtime, ENC,...",https://via.placeholder.com/200
boAt,"Airdopes 192 with Beast Mode(40ms), 30 Hours Playb...",https://via.placeholder.com/200
PTron,"Bassbuds Joy TWS with 13mm Drivers, Stereo Calls,...",https://via.placeholder.com/200
OPPO,Enco Air 2 Pro Bluetooth Headset,https://via.placeholder.com/200
boAt,Airdopes 131 with upto 60 Hours and ASAP Charge Bl...,https://via.placeholder.com/200
NKL,H.EAR 2 Neckband Wireless Bluetooth Super Sound Wit...,https://via.placeholder.com/200
Aroma,NB140 Evolve 24 Hours* Playtime | Deep Bass | Mad...,https://via.placeholder.com/200
Aroma,NB119 King 100 Hours Playting Time Fast Charging ...,https://via.placeholder.com/200
Ucool,Beast 100 Hours Playtime Bluetooth Wireless Neckb...,https://via.placeholder.com/200
Buy,Genuine Good Sound Quality Wireless Bluetooth Earph...,https://via.placeholder.com/200
Boult,"Audio Truebuds with 30H Battery, IPX7 Waterproof,...",https://via.placeholder.com/200
IZWI,MI-271 Latest Headphones Neckband Music Time Batte...,https://via.placeholder.com/200
Ubon,Wireless Neckband CL-50 with Longlasting 30H Playt...,https://via.placeholder.com/200
U&i,Leather Series 100hours Music Time Bluetooth Headse...,https://via.placeholder.com/200
Boult,"Audio Z40 with Zen ENC Mic, 60H Battery Life, Low...",https://via.placeholder.com/200
truke,"Buds F1 with 38H Playtime, ENC, Instant Pairing, ...",https://via.placeholder.com/200
HOPPUP,GRAND With Power Bank Function & Upto 75 Hours P...,https://via.placeholder.com/200
PHILIPS,TAT2206BK True Wireless (TWS Earbuds) with IPX4...,https://via.placeholder.com/200
Boult,"Audio Truebuds with 30H Battery, IPX7 Waterproof,...",https://via.placeholder.com/200
Wings,"Phantom 850 Earbuds with Game mode, 50 hrsPlaytim...",https://via.placeholder.com/200
Mivi,DuoPods F40 with 50 Hrs Playtime I13mm Drivers|Mad...,https://via.placeholder.com/200
Tunifi,Earbuds F9 with Power-Bank Bluetooth Headset,https://via.placeholder.com/200
Tunifi,"Mafia T12 TWS Earbuds Upto 48Hrs. Playback, with...",https://via.placeholder.com/200
truke,"Fit1+ with 36H of Playtime, Gaming Mode, 10mm Dri...",https://via.placeholder.com/200
Petronics,Z11 Bluetooth Headset,https://via.placeholder.com/200
Aroma,NB140 Captain 24 Hours* Playtime | Deep Bass | Ma...,https://via.placeholder.com/200
Ucool,Soul 100 Hours Playtime Bluetooth Wireless Neckba...,https://via.placeholder.com/200
TEQIR,"Bluetooth Wireless in Ear Earphones,48 Hours Batt...",https://via.placeholder.com/200
Kabeer,enterprises H-700 Bluetooth Headset,https://via.placeholder.com/200
Aroma,NB140 Evolve 24 Hours* Playtime | Deep Bass | Mad...,https://via.placeholder.com/200
Noise,"Tune Active Pro with upto 60hrs playtime, ESR, In...",https://via.placeholder.com/200
Xenio,BT90 Wireless Neckband With Qcharge upto 30H Play...,https://via.placeholder.com/200
TECHFIRE,Solo X2 36 Hours Play Time With Vibration On C...,https://via.placeholder.com/200
Aroma,NB137 Nexon 16 Hours* Playtime Deep Bass True Wir...,https://via.placeholder.com/200
Ubon,CL-122 Neckband Bluetooth Headset,https://via.placeholder.com/200
HOPPUP,"AirDoze D50 Earbuds with upto 50H Playtime, ENC,...",https://via.placeholder.com/200
Digiwins,"Gaming Pro P30 with ENC HD+ Calling, Deep Bass...",https://via.placeholder.com/200
Mivi,"DuoPods K5 TWS Earbuds Metallic Finish, HD calling...",https://via.placeholder.com/200
Mivi,DuoPods F40 with 50 Hrs Playtime I13mm Drivers|Mad...,https://via.placeholder.com/200
DEFY,"GravityZ with upto 50 Hours Playback, 4 Mic ENC, 1...",https://via.placeholder.com/200
GENTLEMOB,Latest Earbuds/Tws/xpods/buds M19 True wirele...,https://via.placeholder.com/200
boAt,"Airdopes 161 with ASAP Charge, 10mm Drivers and 17...",https://via.placeholder.com/200
DIGIBUDS,L-21 Smart TWS With Charging Case HD Sound Tec...,https://via.placeholder.com/200
MOOZMOB,PRO Edition Neckband B11 Bluetooth Earphone wit...,https://via.placeholder.com/200
GOVO,"GOKIXX 952 Bluetooth Neckband, 106H Battery-Fast C...",https://via.placeholder.com/200
HOPPUP,GRAND With Power Bank Function & Upto 75 Hours P...,https://via.placeholder.com/200
Sulfur,Vibration & 45 Hours Backup Elite-2 Wireless Spo...,https://via.placeholder.com/200
KDM,G2 Power Bluetooth Headset,https://via.placeholder.com/200
TECHFIRE,F-255 neckband bluetooth headphone with Fast C...,https://via.placeholder.com/200
TECHFIRE,Fire 500v2 Neckband hi-bass Wireless Bluetooth...,https://via.placeholder.com/200
SONY,WI-C310 Wireless In-Ear Headphones with Mic Blueto...,https://via.placeholder.com/200
NKL,H700 Wireless Bluetooth Neckband with Mic Bluetooth...,https://via.placeholder.com/200
FLIXWISE,"TWS Earbuds Full Touch Control, HD Audio 24Hrs...",https://via.placeholder.com/200
Aroma,NB140 Evolve 24 Hours* Playtime | Deep Bass | Mad...,https://via.placeholder.com/200
Jeevan,jyoti agency M19 Earbuds/TWS/buds 5.1 Earbuds wi...,https://via.placeholder.com/200
truke,"Buds Vibe with 35dB ANC, 4Mic ENC, 13mm Speaker, ...",https://via.placeholder.com/200
Longway,Evoke 355 with Fast Charge and upto 45 Hours Pl...,https://via.placeholder.com/200
Aroma,NB140 Captain 24 Hours* Playtime | Deep Bass | Ma...,https://via.placeholder.com/200
UBeesize,H700 Platinum Series Neckband BASS Bluetooth H...,https://via.placeholder.com/200
Zohlo,Bluetooth Neckband with Mic Stereo Sound Compatib...,https://via.placeholder.com/200
blue,seed BBD-B17 Portable Headset Hand Free Call with ...,https://via.placeholder.com/200
Aroma,NB140 Evolve 24 Hours* Playtime | Deep Bass | Mad...,https://via.placeholder.com/200
D1Y3,"B-14, ProBass Fcharge with 35 hrs Playtime, Fast C...",https://via.placeholder.com/200
Mytrack,"MT0507 Neckband Low latency Quick Charging, Mic...",https://via.placeholder.com/200
Aroma,"NB119 Queen 100 Hours Playtime, EQ modes, Fast Ch...",https://via.placeholder.com/200
Mivi,"DuoPods K5 TWS Earbuds Metallic Finish, HD calling...",https://via.placeholder.com/200
Mivi,DuoPods F40 with 50 Hrs Playtime I13mm Drivers|Mad...,https://via.placeholder.com/200
Wings,"Phantom 105 Earbuds with Game Mode, ENC, 40 Hours...",https://via.placeholder.com/200
DEFY,GravityU with 35 Hours Playback and Beast Mode Blu...,https://via.placeholder.com/200
boAt,"Airdopes 161 with ASAP Charge, 10mm Drivers and 17...",https://via.placeholder.com/200
Xezbi,Earbuds M10 Air-Pro Wireless Earphone Touch Contr...,https://via.placeholder.com/200
Wings,"X-Fire with 25 Hrs playtime Bluetooth5.3, 50ms lo...",https://via.placeholder.com/200
Tunifi,TN01 TWS Earbuds Upto 48Hrs. Playback with Power...,https://via.placeholder.com/200
TECHFIRE,Fire 500v2 Neckband hi-bass Wireless headphone...,https://via.placeholder.com/200
Syska,PACE X1 Bluetooth Headset,https://via.placeholder.com/200
Ubon,"Khiladi Series CL-3990 Upto 30 hours Playtime ,Typ...",https://via.placeholder.com/200
MOQ,MQ655BLACK Bluetooth Headset,https://via.placeholder.com/200
TECHFIRE,Fire 500v2 Neckband hi-bass Wireless Bluetooth...,https://via.placeholder.com/200
Aroma,NB119 Hero - 50 Hours Playtime Bluetooth Neckband...,https://via.placeholder.com/200
DUDAO,Expendable One click Retractable Single Ear Bluet...,https://via.placeholder.com/200
Aroma,NB119 Champion - 50 Hours Playtime Bluetooth Neck...,https://via.placeholder.com/200
Aroma,NB140 Evolve 24 Hours* Playtime | Deep Bass | Mad...,https://via.placeholder.com/200
Mivi,Collar Classic Neckband with Fast Charging Bluetoo...,https://via.placeholder.com/200
Aroma,NB132 Construct 48 Hours PlayTime True Wireless E...,https://via.placeholder.com/200
Noise,"Buds VS202 with 24 Hours Playtime, Instacharge, H...",https://via.placeholder.com/200
TECHFIRE,Fire-T10 -48 Hours Playing Time Fast Charging ...,https://via.placeholder.com/200
Digiwins,BTH F9 Pro Earbuds Upto 300Hrs Playtime With 2...,https://via.placeholder.com/200
JBL,"Tune 230NC TWS, Active Noise Cancellation, 40Hr Pla...",https://via.placeholder.com/200
MASOORI,L21 Wireless 5.0 TWS Earphones Earbuds Stereo I...,https://via.placeholder.com/200
CIHLEX,CX-1004 Classical Bluetooth Neckband Headphone E...,https://via.placeholder.com/200
Aroma,NB137 Nexon 16 Hours* Playtime Deep Bass True Wir...,https://via.placeholder.com/200
TECHFIRE,H700 Hi-Res Wireless in Ear Headphone Black Bl...,https://via.placeholder.com/200
KDM,A2 50H MUSIC TIME HEADPHONE Bluetooth Headset,https://via.placeholder.com/200
blue,seed BBD-B17 Portable Headset Hand Free Call with ...,https://via.placeholder.com/200
Aroma,NB140 Captain 24 Hours* Playtime | Deep Bass | Ma...,https://via.placeholder.com/200
Worricow,Hot Sale IPX7 Waterproof headphone with callin...,https://via.placeholder.com/200
Mivi,Collar Classic Neckband with Fast Charging Bluetoo...,https://via.placeholder.com/200
boAt,"Airdopes 192 with Beast Mode(40ms), 30 Hours Playb...",https://via.placeholder.com/200
Boult,"Audio YCharge with Pro+ Calling Mic, Full Charge ...",https://via.placeholder.com/200
GAGANDEEP,TWS i12 Bluetooth Wireless Earphone Touch Sen...,https://via.placeholder.com/200
JVMART,M10 TWS EarBuds Touch Control Bluetooth Headset,https://via.placeholder.com/200
truke,"Buds Vibe with 35dB ANC, 4Mic ENC, 13mm Speaker, ...",https://via.placeholder.com/200
Boult,"Audio AirBass Y1 TWS Earbuds, 40H Playtime, Fast ...",https://via.placeholder.com/200
snowbudy,7PRO TWS Earbuds Movie Mode 48Hrs Total Playti...,https://via.placeholder.com/200
Rudra,Tech M19 / M90 / M10 / T2TWS Bluetooth 5.0 Wirele...,https://via.placeholder.com/200
Oxhox,Wireless compatible with 4G redmi Bluetooth Heads...,https://via.placeholder.com/200
Aroma,NB140 Evolve 24 Hours* Playtime | Deep Bass | Mad...,https://via.placeholder.com/200
TECHFIRE,N95- Hours Playtime with superior sound Neckba...,https://via.placeholder.com/200
Matlek,16 Hours Music Neckband Earphone Bluetooth Wirel...,https://via.placeholder.com/200
CARRON,CH-160 Avatar - 48 Hour Playtime Bluetooth Headp...,https://via.placeholder.com/200
Boult,"Audio Gearpods with 32H Playtime, Fast Charging, ...",https://via.placeholder.com/200
HASTAGG,SB 2001 Long Life Battery Bluetooth Headphone E...,https://via.placeholder.com/200
GAGANDEEP,Magnet Bluetooth Headset for all Smart phones...,https://via.placeholder.com/200
Portronics,Harmonics X1 Sports Bluetooth Headset,https://via.placeholder.com/200
Boult,"Audio Z40 with Zen ENC Mic, 60H Battery Life, Low...",https://via.placeholder.com/200
Boult,"Audio X60 ANC (30dB), Quad Mic ENC, 30 Hrs Batter...",https://via.placeholder.com/200
Digiwins,BTH F9 Pro Earbuds Upto 300Hrs Playtime With 2...,https://via.placeholder.com/200
truke,"Buds S2 with 48H Playtime, Quad Mic ENC, Instant ...",https://via.placeholder.com/200
Boult,"Audio YCharge with Pro+ Calling Mic, Full Charge ...",https://via.placeholder.com/200
YAMAHA,EP-E50ABLACK\\G Bluetooth without Mic Headset,https://via.placeholder.com/200
ultiads,36 Hours Playtime with superior sound Neckband ...,https://via.placeholder.com/200
JBL,"Tune 175BT Flex Neckband with 14-Hour Playtime, Qui...",https://via.placeholder.com/200
Aroma,NB140 Captain 24 Hours* Playtime | Deep Bass | Ma...,https://via.placeholder.com/200
Wings,Phantom 205 Neck band with touch controls Bluetoo...,https://via.placeholder.com/200
ZEBRONICS,Zeb Yoga 90 Plus Bluetooth Headset,https://via.placeholder.com/200
REEPUD,SH12 Bluetooth Headset,https://via.placeholder.com/200
Aroma,NB140 Evolve 24 Hours* Playtime | Deep Bass | Mad...,https://via.placeholder.com/200
SOniLEX,SL-BT-193 (GREEN) Bluetooth Headset,https://via.placeholder.com/200
FRISTDOWN,i12 TWS Wireless inpods Earbuds With Touch Se...,https://via.placeholder.com/200
Casa,Tech Double (Dual L/R)BT Sports With Charging Box ...,https://via.placeholder.com/200
Mivi,"DuoPods K5 TWS Earbuds Metallic Finish, HD calling...",https://via.placeholder.com/200
snowbudy,Top selling Earbuds Upto 32 Hrs Playtime With ...,https://via.placeholder.com/200
realme,Buds Air 3S with Dual Device Pairing and 30hrs T...,https://via.placeholder.com/200
THE,MOBILE POINT Stereo Single Ear Mini wireless Hi-Fi ...,https://via.placeholder.com/200
boAt,"Airdopes 161 with ASAP Charge, 10mm Drivers and 17...",https://via.placeholder.com/200
Auratic,M 10 TWS 5.0 Bluetooth Earphones 3500mAh Chargi...,https://via.placeholder.com/200
ROKAVO,Purple neckband wireless headphone headset earph...,https://via.placeholder.com/200
boAt,"Rockerz 378 with Spatial Bionic Sound by THX, ASAP...",https://via.placeholder.com/200
TECHFIRE,Fire 500v2 Neckband hi-bass Wireless headphone...,https://via.placeholder.com/200
Boltune,BT-335 Neckband hi-bass Wireless Bluetooth head...,https://via.placeholder.com/200
Ubon,Sound Range CL-4050 Bluetooth Headset,https://via.placeholder.com/200
ROKAVO,Hot Selling Original high quality super bass wir...,https://via.placeholder.com/200
TECHFIRE,Fire 500v2 Neckband hi-bass Wireless Bluetooth...,https://via.placeholder.com/200
Kabeer,enterprises BT-255 Upto 30 Hours Battery Life Fl...,https://via.placeholder.com/200
TROST,Sports 40H Playtime Neckband for Gym Office Car I...,https://via.placeholder.com/200
truke,"Buds S2 with 48H Playtime, Quad Mic ENC, Instant ...",https://via.placeholder.com/200
Aroma,NB140 Evolve 24 Hours* Playtime | Deep Bass | Mad...,https://via.placeholder.com/200
Tunifi,Earbud F9 Earbuds/TWs/buds 5.1 Earbuds with 300H...,https://via.placeholder.com/200
Mivi,"DuoPods K1 compact earbuds,AI-ENC,TWS with 42H Pla...",https://via.placeholder.com/200
Wings,Vader 350 Bluetooth Gaming Headset,https://via.placeholder.com/200
TECHFIRE,Fire-T10 -48 Hours Playing Time Fast Charging ...,https://via.placeholder.com/200
DEFY,GravityU with 35 Hours Playback and Beast Mode Blu...,https://via.placeholder.com/200
Sulfur,45 Hours Playtime & Call vibration Alert Elite-2...,https://via.placeholder.com/200
Gali,Bazar IEGA33 Bluetooth Headset,https://via.placeholder.com/200
ZEBRONICS,"ZEB -YOGA N2 RGB with 30H Playtime, ENC Mic, ...",https://via.placeholder.com/200
Aroma,NB140 Captain 24 Hours* Playtime | Deep Bass | Ma...,https://via.placeholder.com/200
Auxigen,Buzz Sports Wireless Neckband BT 5.0 with Deep ...,https://via.placeholder.com/200
Ubon,"Prithvi Series CL-350, Upto 15 Hours Playtime In-E...",https://via.placeholder.com/200
DIZO,"Wireless Active with ENC, 11.2mm Driver, 23H Playb...",https://via.placeholder.com/200
Aroma,NB140 Evolve 24 Hours* Playtime | Deep Bass | Mad...,https://via.placeholder.com/200
byer,"Scrapper Ultra Gaming TWS with 18 Hrs Battery ,50m...",https://via.placeholder.com/200
UPOZA,"Earbuds A520 TWS with 13mm HQ Drivers, Touch Cont...",https://via.placeholder.com/200
DigiClues,Earbud BTH F9 Earbuds/TWs/buds 5.1 Earbuds wi...,https://via.placeholder.com/200
Aroma,NB137 Nexon 16 Hours* Playtime Deep Bass True Wir...,https://via.placeholder.com/200
boAt,"Airdopes 115 with ENx & Beast Mode, upto 24 Hrs Pl...",https://via.placeholder.com/200
Wings,"X-Fire with 25 Hrs playtime Bluetooth5.3, 50ms lo...",https://via.placeholder.com/200
ElectroMania,i12 tws earpods Bluetooth Headset Bluetoot...,https://via.placeholder.com/200
Mivi,"DuoPods K5 TWS Earbuds Metallic Finish, HD calling...",https://via.placeholder.com/200
Ucool,Dart 100 Hours Playtime Bluetooth Wireless Neckba...,https://via.placeholder.com/200
senerathe,BT M 233 Bluetooth Headset,https://via.placeholder.com/200
Chaebol,Thundar Bass 100Hr Standby Long Battery Life Bl...,https://via.placeholder.com/200
boAt,"Airdopes 161 with ASAP Charge, 10mm Drivers and 17...",https://via.placeholder.com/200
Portronics,"Harmonics Y1 with Auto ENC, Upto 40 Hours Pl...",https://via.placeholder.com/200
Aroma,"NB119 Love 80 Hours Playtime Fast Charging, Dual ...",https://via.placeholder.com/200
KDM,G1-BULLET Stereo Sound Wireless Bluetooth Headset,https://via.placeholder.com/200
HOPPUP,GRAND With Power Bank Function & Upto 75 Hours P...,https://via.placeholder.com/200
IZWI,F-255 neckband bluetooth headphone with Fast Charg...,https://via.placeholder.com/200
realme,Buds Q2s with AI ENC & Fast Charging Bluetooth H...,https://via.placeholder.com/200
Chitransh,M10 Wireless Earbuds Bluetooth Upto 48Hrs Pla...,https://via.placeholder.com/200
TECHFIRE,Fire 500v2 Neckband hi-bass Wireless Bluetooth...,https://via.placeholder.com/200
Noise,"Buds VS304 with 30 Hours Playtime, Instacharge, 1...",https://via.placeholder.com/200
Boult,"Audio X45 with Quad Mic ENC, 40H Playtime, 45ms U...",https://via.placeholder.com/200
x,pulse TwsL21 Mini Wireless Bluetooth Headset / Earpho...,https://via.placeholder.com/200
Aroma,NB140 Evolve 24 Hours* Playtime | Deep Bass | Mad...,https://via.placeholder.com/200
Aroma,NB132 Construct 48 Hours PlayTime True Wireless E...,https://via.placeholder.com/200
JBL,"Tune 125BT Flex Neckband with 16 Hour Playtime, Qui...",https://via.placeholder.com/200
Jabra,Talk 45 Bluetooth Headset,https://via.placeholder.com/200
Lenovo,HE18 Bluetooth Headset,https://via.placeholder.com/200
CIHLEX,C-54 Super Bass Bluetooth Earphones Neckband Hea...,https://via.placeholder.com/200
CIHLEX,CH-045 Classical Bluetooth Neckband Headphone Ea...,https://via.placeholder.com/200
Aroma,NB140 Captain 24 Hours* Playtime | Deep Bass | Ma...,https://via.placeholder.com/200
SOniLEX,SL-BT-193 (GREEN) Bluetooth Headset,https://via.placeholder.com/200
Gideon,ZEE-RML ME-1 Bluetooth Headset,https://via.placeholder.com/200
realme,Buds Air 3S with Dual Device Pairing and 30hrs T...,https://via.placeholder.com/200
Aroma,NB140 Evolve 24 Hours* Playtime | Deep Bass | Mad...,https://via.placeholder.com/200
DigiClues,Earbuds M29 Pro with Power-Bank Bluetooth Hea...,https://via.placeholder.com/200
Boult,"Audio XPods Pro with Zen ENC Mic, Mega 13mm Drive...",https://via.placeholder.com/200
Digiwins,Premium Gaming Series P86 TWS 13mm HD Dynamic ...,https://via.placeholder.com/200
Mivi,"DuoPods K5 TWS Earbuds Metallic Finish, HD calling...",https://via.placeholder.com/200
Fome,M10 TWS 2200 mAh Power Bank Charging Box EarBuds W...,https://via.placeholder.com/200
ORAIMO,"FreePods 3 in Ear TWS Earbuds,36Hrs Playtime ,4-...",https://via.placeholder.com/200
Gonsgadapp,5100 Wireless Bluetooth Over-Ear -Black Blue...,https://via.placeholder.com/200
Boult,"Audio YCharge with Pro+ Calling Mic, Full Charge ...",https://via.placeholder.com/200
U&i,Valley 80 Hours Music Time Fast Charging Wireless N...,https://via.placeholder.com/200
BULLSTORM,Latest Version B11 Neckband Bluetooth Neckban...,https://via.placeholder.com/200
VIPPO,VBT-675 Gleaming Light 25 Hours Music Playtime 40...,https://via.placeholder.com/200
Aroma,NB137 Nexon 16 Hours* Playtime Deep Bass True Wir...,https://via.placeholder.com/200
Hitage,NBT1949+ Wireless music Sports headset Bluetooth...,https://via.placeholder.com/200
GUGGU,OGW_462T HSB-730 Bluetooth for all Smartphones wi...,https://via.placeholder.com/200
Worricow,40H Playtime 10mm Drivers Crystal-Clear Calls ...,https://via.placeholder.com/200
Boult,"Audio AirBass Y1 TWS Earbuds, 40H Playtime, Fast ...",https://via.placeholder.com/200
realme,Buds Q2 with Active Noise Cancellation Bluetooth...,https://via.placeholder.com/200
Aroma,NB137 Union Wireless Earbuds Bluetooth Headset,https://via.placeholder.com/200
JBL,"Wave Beam TWS, 32Hr Playtime, IP54, Smart Ambient &...",https://via.placeholder.com/200
HOPPUP,GRAND With Power Bank Function & Upto 75 Hours P...,https://via.placeholder.com/200
UPOZA,"Earbuds L21 with ASAP Charge, 10mm Drivers and 25...",https://via.placeholder.com/200
Wings,"Phantom 105 Earbuds with Game Mode, ENC, 40 Hours...",https://via.placeholder.com/200
PTron,"Bassbuds Verse TWS Earbuds, 40H Playtime, ENC Cal...",https://via.placeholder.com/200
Sulfur,Vibration & 45 Hours Backup Elite-2 Wireless Spo...,https://via.placeholder.com/200
GAGANDEEP,Magnet Bluetooth Headset for all Smart phones...,https://via.placeholder.com/200
Portronics,Harmonics Z3 Wireless Stereo Neckband Blueto...,https://via.placeholder.com/200
PTron,"Bassbuds Joy TWS with 13mm Drivers, Stereo Calls,...",https://via.placeholder.com/200
Portronics,Harmonics X1 Sports Bluetooth Headset,https://via.placeholder.com/200
Fome,M10 TWS Bluetooth 5.1 Headset 9D Stereo Sports Wat...,https://via.placeholder.com/200
GAGANDEEP,TWS i12 Bluetooth Wireless Earphone Touch Sen...,https://via.placeholder.com/200
Boult,"Audio Z40 with Zen ENC Mic, 60H Battery Life, Low...",https://via.placeholder.com/200
truke,"Air Buds+ with Quad Mic ENC & 20 EQ mode, Digital...",https://via.placeholder.com/200
HOPPUP,MAX Bluetooth Headset,https://via.placeholder.com/200
BeastBass,"M10 Earpods/ipod/buds 225Hours Backup, Power ...",https://via.placeholder.com/200
Boult,"Audio ProBass EQCharge with ZEN Mode ENC, 32hrs P...",https://via.placeholder.com/200
PRONOVA,M28 Gaming Earbuds TWS with 300 Hours Palyback ...,https://via.placeholder.com/200
Beats,"Flex - Apple W1 Headphone Chip, Class 1 Bluetooth...",https://via.placeholder.com/200
PTron,Tangent Beats wireless neckband Bluetooth Headset,https://via.placeholder.com/200
Boult,"Audio AirBass Y1 TWS Earbuds, 40H Playtime, Fast ...",https://via.placeholder.com/200
GAGANDEEP,Magnet Bluetooth Headset for all Smart phones...,https://via.placeholder.com/200
SYARA,RHB_15K_ Bluetooth Headset for all Smart phones B...,https://via.placeholder.com/200
DRUMSTONE,S530 Smallest Wireless Invisible Mini Bluetoo...,https://via.placeholder.com/200
Aroma,NB140 Captain 24 Hours* Playtime | Deep Bass | Ma...,https://via.placeholder.com/200
CIHLEX,CH-45 Classical Bluetooth Neckband Headphone Ear...,https://via.placeholder.com/200
Buy,Genuine Mini Wireless Earbuds With Microphone (Dual...,https://via.placeholder.com/200
Earboss,M19 Earbuds/TWS/buds 5.1 Earbuds with 280H Play...,https://via.placeholder.com/200
Boult,"Audio Truebuds with 30H Battery, IPX7 Waterproof,...",https://via.placeholder.com/200
Aroma,NB140 Fabulous 24 Hours* Playtime | Deep Bass | M...,https://via.placeholder.com/200
Portronics,Harmonics Twins S4 Smart TWS Earbuds Bluetoo...,https://via.placeholder.com/200
PTron,"Basspods P81 TWS Earbuds, 32H Playtime, Deep Bass...",https://via.placeholder.com/200
Boult,"Audio Z40 with Zen ENC Mic, 60H Battery Life, Low...",https://via.placeholder.com/200
UPOZA,Earbuds M29 Pro ENC Technology Bluetooth Headset,https://via.placeholder.com/200
Kabeer,enterprises L21 Air Buds Mini Truly Wireless Blu...,https://via.placeholder.com/200
FPX,Magnus 50Hr Playtime with Superior sound Wireless N...,https://via.placeholder.com/200
Aroma,NB140 Evolve 24 Hours* Playtime | Deep Bass | Mad...,https://via.placeholder.com/200
Lenovo,HE15 Bluetooth Headset,https://via.placeholder.com/200
SYARA,RHB_15K_ Bluetooth Headset for all Smart phones B...,https://via.placeholder.com/200
Clairbell,TEI_621B_B11 Neck Band Bluetooth Headset Blue...,https://via.placeholder.com/200
Boult,"Audio YCharge with Pro+ Calling Mic, Full Charge ...",https://via.placeholder.com/200
Wings,"Phantom 345 with Low Latency 40ms, App Support, 5...",https://via.placeholder.com/200
APPLE,Airpods Pro with MagSafe Charging Case Bluetooth ...,https://via.placeholder.com/200
Boult,"Audio PowerBuds with Inbuilt Powerbank, 120H Batt...",https://via.placeholder.com/200
Boult,"Audio AirBass Y1 TWS Earbuds, 40H Playtime, Fast ...",https://via.placeholder.com/200
NP,SERIES TWS L21 True Wireless Bluetooth Sports Earpho...,https://via.placeholder.com/200
boAt,Airdopes 131 with upto 60 Hours and ASAP Charge Bl...,https://via.placeholder.com/200
JVMART,UPGRADED VERSION M10 TWS Wireless Headphones wit...,https://via.placeholder.com/200
Boult,"Audio Gearpods with 32H Playtime, Fast Charging, ...",https://via.placeholder.com/200
Ucool,Pesto 150 Hours Play AI Noise Cancellation Blueto...,https://via.placeholder.com/200
GOVO,"GOKIXX 610 Bluetooth Neckband, 12H Battery, Magnet...",https://via.placeholder.com/200
webster,Elite-2 Wireless Exta Bass Sports Neckband Vibr...,https://via.placeholder.com/200
Boult,"Audio Z40 with Zen ENC Mic, 60H Battery Life, Low...",https://via.placeholder.com/200
Ubon,UP BEAT CL-4070 Bluetooth Headset,https://via.placeholder.com/200
SYARA,LHU_459S_ HP17 Neck band Bluetooth Headset Blueto...,https://via.placeholder.com/200
OnePlus,Bullets Wireless Z Bluetooth Headset,https://via.placeholder.com/200
Boult,"Audio YCharge with Pro+ Calling Mic, Full Charge ...",https://via.placeholder.com/200
ROKAVO,BT22 Classic Bluetooth Neckband With Long Life B...,https://via.placeholder.com/200
boAt,Airdopes 381 Sunburn Edition with upto 20 Hours Pl...,https://via.placeholder.com/200
zevin's,Premium TWS F9 True Wireless Headset with Power...,https://via.placeholder.com/200
boAt,Rockerz 235 Pro with upto 20 Hours Playback & ASAP...,https://via.placeholder.com/200
Karimotech,Ear pod with Wireless Charging Case WS-4000 ...,https://via.placeholder.com/200
Tunifi,Earbuds T-2 PRO with ASAP Charge Bluetooth Heads...,https://via.placeholder.com/200
realme,Buds Air 3 Neo with up to 30 hours Playback & Fa...,https://via.placeholder.com/200
Boult,"Audio Truebuds with 30H Battery, IPX7 Waterproof,...",https://via.placeholder.com/200
truke,"Buds Pro with ANC, 48 Hours Playtime, Quad-Mic EN...",https://via.placeholder.com/200
zevin's,BT-Max Wireless Bluetooth Smart Neckband with V...,https://via.placeholder.com/200
byer,"Sound Cross 35 hours playtime, ENC, fast Charging,...",https://via.placeholder.com/200
WeCool,Moonwalk Mini in ear bluetooth Earbuds with 16 h...,https://via.placeholder.com/200
Aroma,NB137 Nexon 16 Hours* Playtime Deep Bass True Wir...,https://via.placeholder.com/200
Fire-Boltt,Fire Pods Ninja G201 Earbuds TWS IWP HD Call...,https://via.placeholder.com/200
Boult,"Audio X60 ANC (30dB), Quad Mic ENC, 30 Hrs Batter...",https://via.placeholder.com/200
BRICKFIRE,M28 TWS EARBUDS Bluetooth Headset,https://via.placeholder.com/200
Aroma,NB140 Captain 24 Hours* Playtime | Deep Bass | Ma...,https://via.placeholder.com/200
OPPO,Enco Air 2 With 13.4 dynamic driver Bluetooth Head...,https://via.placeholder.com/200
UPOZA,Earbuds M29 Pro ENC Technology Bluetooth Headset,https://via.placeholder.com/200
FPX,"Lunar In Ear Wireless Neckband, 15Hrs Playtime, Swe...",https://via.placeholder.com/200
Boult,"Audio YCharge with Pro+ Calling Mic, Full Charge ...",https://via.placeholder.com/200
Hitage,NBT-3591+ 72 Hours Music Time Wireless Neckband ...,https://via.placeholder.com/200
Boult,"Audio Curve with BoomX Rich Bass, Flexi-band, Mag...",https://via.placeholder.com/200
D1Y3,"Z-1,Badshah - 100 Hours Playtime Bluetooth Neckban...",https://via.placeholder.com/200
Boult,"Audio AirBass Y1 TWS Earbuds, 40H Playtime, Fast ...",https://via.placeholder.com/200
BULLSTORM,Latest Version B11 Neckband Bluetooth Neckban...,https://via.placeholder.com/200
SYARA,JKK_30F_S6 Bluetooth Headset for all Smart phones...,https://via.placeholder.com/200
Gadget,Master Presents you super sound quality unstoppa...,https://via.placeholder.com/200
Aroma,NB140 Evolve 24 Hours* Playtime | Deep Bass | Mad...,https://via.placeholder.com/200
Tunifi,M28 Gaming Monster Earbuds with ASAP Charge Blue...,https://via.placeholder.com/200
FUR,"JADEN AirJams Gamex Pro with ENC HD+ Calling, Deep ...",https://via.placeholder.com/200
Kabeer,enterprises L21 Earbuds/Air-pod/ buds 5.0 Blueto...,https://via.placeholder.com/200
Boult,"Audio Gearpods with 32H Playtime, Fast Charging, ...",https://via.placeholder.com/200
FINGER,THREE Premium TWS I12 Twins touch sensor Bluetoo...,https://via.placeholder.com/200
v,chip Air Tune (Buds) True wireless Bluetooth headset ...,https://via.placeholder.com/200
PTron,"Basspods P81 TWS Earbuds, 32H Playtime, Deep Bass...",https://via.placeholder.com/200
Boult,"Audio Z40 with Zen ENC Mic, 60H Battery Life, Low...",https://via.placeholder.com/200
Intex,MUSIQUE Flexi Bluetooth Headset,https://via.placeholder.com/200
Zaap,AQUA GEAR Bluetooth without Mic Headset,https://via.placeholder.com/200
Landmark,"PLAY2.0, 50 Hours Playtime, IPX4 Water Resista...",https://via.placeholder.com/200
Boult,"Audio YCharge with Pro+ Calling Mic, Full Charge ...",https://via.placeholder.com/200
